,Date,Home,Away,OU,Spread,OU_2H,Spread_2H,ML_home,ML_away,Points,Win Margin,2H Points,2H Win Margin
0,2014-10-28,San Antonio,Dallas,206.5,6.0,102,4,-165,140,201,1,103,9
1,2014-10-28,New Orleans,Orlando,196.0,9.5,94.5,3.5,-475,380,185,17,96,10
2,2014-10-28,LA Lakers,Houston,209.0,6.5,103.0,1.5,250,-300,198,-18,91,-1
3,2014-10-29,Charlotte,Milwaukee,192.0,9.0,97.0,7.5,-390,315,214,2,97,11
4,2014-10-29,Indiana,Philadelphia,194.0,8.5,95,6,-350,290,194,12,95,15
5,2014-10-29,Boston,Brooklyn,191.0,1.5,96.5,6.5,-115,-105,226,16,118,-10
6,2014-10-29,Toronto,Atlanta,199.5,5.5,pk,100.5,-190,161,211,7,99,-1
7,2014-10-29,Miami,Washington,194.0,4.5,93.5,3.0,-210,180,202,12,97,11
8,2014-10-29,New York,Chicago,190.0,4.0,91.5,1.0,166,-195,184,-24,88,-14
9,2014-10-29,Memphis,Minnesota,198.0,8.5,99.5,2.5,-350,290,206,4,106,-2
10,2014-10-29,Denver,Detroit,211.0,7.5,100.5,3.0,-270,225,168,10,86,8
11,2014-10-29,Utah,Houston,203.0,4.5,101.5,0.5,135,-160,197,-11,89,-3
12,2014-10-29,Phoenix,LA Lakers,207.0,8.5,103.5,4.5,-1100,750,218,20,109,11
13,2014-10-29,Sacramento,Golden State,204.5,4.0,104,5,166,-195,172,-18,76,-20
14,2014-10-29,Portland,Okla City,201.5,4.5,102.0,7.5,-475,380,195,17,92,22
15,2014-10-30,Orlando,Washington,189.0,5.0,94.0,2.5,161,-190,203,-7,98,-4
16,2014-10-30,Cleveland,New York,199.0,10.0,100,8,-1325,825,185,-5,99,-7
17,2014-10-30,Minnesota,Detroit,205.0,3.5,101,3,-230,195,188,6,99,5
18,2014-10-30,Dallas,Utah,202.5,9.5,102,1,-650,500,222,18,109,-7
19,2014-10-30,LA Clippers,Okla City,202.0,9.5,100,9,-1200,800,183,3,96,-2
20,2014-10-31,Indiana,Memphis,186.0,5.5,94.5,6.5,225,-270,186,-8,88,-16
21,2014-10-31,Chicago,Cleveland,193.5,2.5,98.0,3.5,-180,155,222,-6,86,6
22,2014-10-31,Milwaukee,Philadelphia,200.0,8.0,102,6,-420,340,174,12,81,13
23,2014-10-31,Sacramento,Portland,201.0,5.5,99.5,3.5,161,-190,197,9,101,9
24,2014-10-31,Phoenix,San Antonio,206.0,1.5,105.5,3.0,-105,-115,183,5,102,14
25,2014-10-31,LA Lakers,LA Clippers,210.0,11.5,105.5,5.5,600,-900,229,-7,111,-1
26,2014-11-01,Charlotte,Memphis,188.5,2.5,93,3,-160,135,140,-2,74,4
27,2014-11-01,New Orleans,Dallas,202.0,1.0,102.0,4.5,-115,-105,213,-5,95,9
28,2014-11-01,Orlando,Toronto,196.0,7.0,98.5,4.5,195,-235,203,-13,102,-16
29,2014-11-01,Philadelphia,Miami,199.5,8.5,97.5,3.5,355,-450,210,-18,96,-12
30,2014-11-01,Washington,Milwaukee,197.5,8.5,98.5,3.5,-450,355,205,11,112,6
31,2014-11-01,Detroit,Brooklyn,197.5,3.5,97.5,4.5,-150,130,192,-12,86,0
32,2014-11-01,Atlanta,Indiana,193.0,9.5,98,4,-650,500,194,10,99,3
33,2014-11-01,Minnesota,Chicago,192.0,4.5,95.5,3.0,110,-130,211,-1,99,13
34,2014-11-01,Houston,Boston,205.5,8.0,103.5,2.0,-350,290,194,14,99,-5
35,2014-11-01,Okla City,Denver,196.0,5.5,96,7,170,-200,193,11,105,-11
36,2014-11-01,Utah,Phoenix,205.5,2.0,103.0,2.5,110,-130,209,27,95,23
37,2014-11-01,Golden State,LA Lakers,207.0,15.5,105.5,7.0,-1500,900,231,23,115,17
38,2014-11-02,LA Clippers,Sacramento,206.5,10.5,103,4,-480,380,190,-6,94,-12
39,2014-11-02,Miami,Toronto,196.0,3.5,99.5,3.0,-130,110,209,5,91,-5
40,2014-11-02,New York,Charlotte,190.5,2.0,94,2,-165,140,189,3,87,1
41,2014-11-02,Portland,Golden State,203.0,3.5,105,3,-165,140,185,-5,86,-2
42,2014-11-03,Philadelphia,Houston,205.0,10.0,101,7,600,-850,197,-11,88,-10
43,2014-11-03,Brooklyn,Okla City,193.0,7.0,96.5,1.5,-275,230,201,31,102,12
44,2014-11-03,Memphis,New Orleans,188.5,6.0,pk,94,-180,155,174,12,101,5
45,2014-11-03,Dallas,Boston,208.0,9.0,103,2,-515,395,231,5,123,-21
46,2014-11-03,Denver,Sacramento,203.0,8.0,101.5,7.0,-290,240,215,-5,118,0
47,2014-11-03,LA Clippers,Utah,206.5,9.5,102.5,1.5,-550,430,208,6,109,-7
48,2014-11-04,Indiana,Milwaukee,192.0,3.0,95.5,3.5,-175,150,168,-6,87,-1
49,2014-11-04,Toronto,Okla City,192.0,9.0,97.0,7.5,-900,600,188,12,85,13
50,2014-11-04,New York,Washington,191.0,2.0,94.5,2.0,110,-130,181,-15,96,-20
51,2014-11-04,Chicago,Orlando,188.5,13.0,96,6,-600,460,188,8,82,6
52,2014-11-04,New Orleans,Charlotte,191.5,3.0,96.0,3.5,-180,155,191,9,96,10
53,2014-11-04,Portland,Cleveland,200.5,1.5,105.0,2.5,120,-140,183,19,78,14
54,2014-11-04,LA Lakers,Phoenix,215.0,6.0,105.0,0.5,210,-250,218,-6,114,6
55,2014-11-05,Philadelphia,Orlando,195.0,1.0,98.5,2.0,125,-145,180,-2,76,-2
56,2014-11-05,Charlotte,Miami,192.5,2.5,94.5,0.5,-125,105,185,7,95,5
57,2014-11-05,Brooklyn,Minnesota,205.0,5.0,105.0,3.5,-210,180,189,-7,94,-8
58,2014-11-05,Detroit,New York,190.0,4.0,92.5,2.0,-180,155,193,3,107,-9
59,2014-11-05,Washington,Indiana,193.5,8.5,96.5,4.5,-525,405,190,2,81,-5
60,2014-11-05,Milwaukee,Chicago,193.5,7.0,96,5,180,-210,181,-9,79,-13
61,2014-11-05,San Antonio,Atlanta,203.0,8.5,101,2,-385,315,186,2,98,-8
62,2014-11-05,Phoenix,Memphis,195.0,1.0,97.5,1.0,-120,100,193,-11,95,-17
63,2014-11-05,Utah,Cleveland,202.0,6.0,104.0,6.5,195,-230,202,2,95,-9
64,2014-11-05,Sacramento,Denver,202.5,2.0,104.5,2.5,-160,135,240,22,118,8
65,2014-11-05,Golden State,LA Clippers,208.5,3.5,104.5,4.5,-208,178,225,17,118,-6
66,2014-11-06,Houston,San Antonio,201.5,3.0,99,1,-295,245,179,17,105,1
67,2014-11-06,Portland,Dallas,206.5,3.0,106.5,1.5,-130,110,195,21,99,25
68,2014-11-07,Charlotte,Atlanta,191.0,3.0,99.0,0.5,-125,105,241,3,97,3
69,2014-11-07,Orlando,Minnesota,200.5,4.0,101.0,0.5,155,-180,215,9,89,5
70,2014-11-07,Philadelphia,Chicago,190.5,11.5,95.0,6.5,460,-600,233,-3,119,-3
71,2014-11-07,Boston,Indiana,194.0,5.5,97.5,3.0,-230,195,199,3,92,0
72,2014-11-07,Brooklyn,New York,192.5,5.5,98.0,1.5,-250,210,209,11,112,-2
73,2014-11-07,Detroit,Milwaukee,193.5,5.5,pk,97,-205,176,193,3,98,-4
74,2014-11-07,Toronto,Washington,197.0,4.5,96,5,-170,145,187,19,93,-5
75,2014-11-07,Okla City,Memphis,185.5,7.5,93,2,260,-315,180,-2,91,7
76,2014-11-07,Phoenix,Sacramento,205.5,4.0,104.5,2.0,-205,175,226,-2,85,-3
77,2014-11-07,Utah,Dallas,207.0,3.5,pk,102,130,-150,187,-23,91,-15
78,2014-11-07,Denver,Cleveland,206.0,5.0,106.0,0.5,231,-276,211,-9,108,4
79,2014-11-08,LA Clippers,Portland,207.0,3.5,102.5,5.5,-190,161,208,4,93,13
80,2014-11-08,Indiana,Washington,185.5,3.5,90.5,3.0,140,-165,187,-7,98,12
81,2014-11-08,Atlanta,New York,192.0,6.0,98.5,7.0,-290,240,199,7,90,20
82,2014-11-08,Miami,Minnesota,203.0,6.5,pk,100.5,-359,294,194,10,100,-2
83,2014-11-08,Chicago,Boston,193.0,10.0,97.5,10.0,-475,380,207,-5,110,10
84,2014-11-08,Houston,Golden State,207.0,4.0,106.0,5.5,135,-160,185,-11,81,-19
85,2014-11-08,Milwaukee,Memphis,184.5,6.0,95.5,1.0,170,-200,185,1,90,8
86,2014-11-08,San Antonio,New Orleans,195.0,7.5,101.0,5.5,-325,265,199,-1,91,1
87,2014-11-09,Brooklyn,Orlando,197.0,9.0,98.0,7.5,-448,354,200,8,98,10
88,2014-11-09,Detroit,Utah,196.0,4.5,96.5,2.5,-175,150,193,-1,89,-1
89,2014-11-09,Okla City,Sacramento,194.0,3.5,93.5,5.0,110,-130,194,8,103,-5
90,2014-11-09,Toronto,Philadelphia,202.0,14.5,99.5,3.5,-1600,900,208,32,103,17
91,2014-11-09,Dallas,Miami,207.5,6.5,103.5,7.5,-365,300,201,-9,102,2
92,2014-11-09,Phoenix,Golden State,210.0,1.0,104,4,-145,125,202,12,97,23
93,2014-11-09,Portland,Denver,208.0,8.5,104.5,3.0,-450,355,216,16,96,8
94,2014-11-09,LA Lakers,Charlotte,205.0,4.0,100.0,1.5,115,-135,199,15,106,24
95,2014-11-10,Cleveland,New Orleans,201.5,7.0,103.5,6.5,-250,210,229,7,122,12
96,2014-11-10,Indiana,Utah,191.0,2.0,95.5,0.5,-160,135,183,11,95,5
97,2014-11-10,New York,Atlanta,195.0,1.0,99,2,110,-130,176,-6,100,-6
98,2014-11-10,Chicago,Detroit,191.5,9.0,96,1,-550,430,193,11,89,-5
99,2014-11-10,LA Clippers,San Antonio,203.5,2.5,pk,105,-135,115,174,-4,93,-7
100,2014-11-11,Toronto,Orlando,201.5,11.0,99,11,-700,525,204,4,93,13
101,2014-11-11,Memphis,LA Lakers,196.5,11.5,98.5,5.5,-640,490,209,5,101,1
102,2014-11-11,Milwaukee,Okla City,187.5,4.5,pk,96,-130,110,163,7,84,4
103,2014-11-11,Dallas,Sacramento,206.0,7.5,103.5,8.0,-375,305,204,8,99,17
104,2014-11-11,Portland,Charlotte,197.5,8.0,96.5,8.0,-290,240,202,2,87,15
105,2014-11-11,Golden State,San Antonio,201.0,5.5,105.5,6.5,-340,280,213,-13,119,-7
106,2014-11-12,Washington,Detroit,189.0,7.5,96.0,5.5,-275,230,210,4,94,6
107,2014-11-12,Atlanta,Utah,198.0,8.0,100.0,3.5,-324,264,197,3,86,0
108,2014-11-12,Boston,Okla City,198.0,6.0,98.0,1.5,-330,270,203,-15,110,-24
109,2014-11-12,Miami,Indiana,190.5,8.0,94.5,5.5,-400,325,156,-6,73,-7
110,2014-11-12,New York,Orlando,192.5,7.5,96.5,6.5,-265,220,192,-2,86,4
111,2014-11-12,New Orleans,LA Lakers,208.0,10.5,104,6,-700,525,211,7,112,4
112,2014-11-12,Denver,Portland,207.0,1.0,104,8,-150,130,243,-17,109,17
113,2014-11-12,Phoenix,Brooklyn,207.0,4.5,103.5,7.0,-185,160,216,8,104,22
114,2014-11-12,Minnesota,Houston,198.0,6.5,104.5,4.0,255,-310,214,-12,112,-8
115,2014-11-13,Toronto,Chicago,194.5,2.0,97.5,1.5,-140,120,193,-7,96,-14
116,2014-11-13,Memphis,Sacramento,192.0,6.5,96.0,8.5,-235,195,221,1,113,17
117,2014-11-13,Dallas,Philadelphia,207.5,15.0,103.5,2.5,-1700,1000,193,53,91,9
118,2014-11-13,Golden State,Brooklyn,205.0,8.5,107.5,3.5,-605,455,206,8,85,-3
119,2014-11-14,Orlando,Milwaukee,192.5,2.0,98.5,1.0,-145,125,186,16,85,13
120,2014-11-14,Indiana,Denver,194.5,2.5,101,7,-140,120,195,-21,85,-3
121,2014-11-14,Atlanta,Miami,196.0,3.0,96,1,-204,174,217,11,103,1
122,2014-11-14,New York,Utah,193.5,3.0,95.5,3.5,-170,145,202,-2,107,-1
123,2014-11-14,Boston,Cleveland,211.0,5.0,104.5,5.0,209,-249,243,-1,125,-1
124,2014-11-14,New Orleans,Minnesota,204.0,6.5,103.5,4.0,-375,305,230,48,106,12
125,2014-11-14,Houston,Philadelphia,204.5,16.5,103.0,10.5,-4000,1400,175,1,81,1
126,2014-11-14,Okla City,Detroit,190.5,2.5,95.5,0.5,-160,135,185,-7,74,-6
127,2014-11-14,Phoenix,Charlotte,201.0,5.5,100.0,4.5,-265,220,198,-8,104,-8
128,2014-11-14,LA Lakers,San Antonio,208.5,7.5,104.5,1.5,325,-400,173,-13,91,-1
129,2014-11-15,Washington,Orlando,195.0,9.5,96.0,2.5,-473,378,191,5,105,-5
130,2014-11-15,Toronto,Utah,198.5,10.0,101.5,9.0,-730,528,204,18,109,21
131,2014-11-15,Cleveland,Atlanta,205.5,7.5,104.0,3.5,-300,250,221,33,107,5
132,2014-11-15,Chicago,Indiana,187.0,9.5,92.0,7.5,-440,355,189,-9,101,-5
133,2014-11-15,Memphis,Detroit,188.0,9.5,93.5,6.5,-480,380,183,7,82,6
134,2014-11-15,Dallas,Minnesota,208.5,10.5,105.5,1.5,-801,576,248,14,141,-5
135,2014-11-15,Sacramento,San Antonio,197.5,2.5,103.0,3.5,100,-120,185,3,102,-4
136,2014-11-15,Portland,Brooklyn,208.0,6.0,102.0,2.5,-135,115,184,10,95,-1
137,2014-11-15,Golden State,Charlotte,202.0,10.0,100,1,-700,525,199,25,86,4
138,2014-11-15,LA Clippers,Phoenix,210.5,6.5,105.5,5.0,-301,251,227,13,119,13
139,2014-11-16,New York,Denver,202.0,1.0,101.5,4.0,-130,110,202,16,101,-7
140,2014-11-16,Miami,Milwaukee,189.5,4.5,94.5,0.5,-210,180,175,-7,91,-15
141,2014-11-16,Okla City,Houston,193.5,5.0,95.0,0.5,179,-209,134,-4,59,5
142,2014-11-16,LA Lakers,Golden State,211.0,7.5,107,2,330,-410,251,-21,122,-2
143,2014-11-17,Cleveland,Denver,217.5,11.5,108.5,8.0,-900,650,203,-9,98,-8
144,2014-11-17,Charlotte,Dallas,198.5,1.5,98.5,4.0,155,-175,187,-27,77,-3
145,2014-11-17,Detroit,Orlando,190.5,4.5,96.5,2.0,-195,170,200,-14,99,-17
146,2014-11-17,Brooklyn,Miami,196.0,5.5,97.0,3.5,-360,290,178,-12,97,-17
147,2014-11-17,Memphis,Houston,190.0,2.5,93.5,3.5,-185,160,212,26,105,3
148,2014-11-17,San Antonio,Philadelphia,197.0,17.0,98.0,6.5,-4820,2320,175,25,95,13
149,2014-11-17,Portland,New Orleans,204.0,4.0,104,4,-160,140,195,9,104,16
150,2014-11-17,LA Clippers,Chicago,197.0,4.0,100.0,4.5,-310,250,194,-16,96,-18
151,2014-11-18,Atlanta,LA Lakers,211.0,9.0,106,9,-425,345,223,-5,104,10
152,2014-11-18,Milwaukee,New York,191.5,4.0,97.5,4.5,-125,105,230,4,115,-13
153,2014-11-18,Utah,Okla City,189.0,3.5,93.5,3.5,-150,130,179,17,97,19
154,2014-11-18,Sacramento,New Orleans,199.0,2.0,105.5,1.0,-150,130,206,-6,107,-15
155,2014-11-19,Washington,Dallas,200.0,1.0,101.5,1.5,125,-145,207,-3,100,-2
156,2014-11-19,Cleveland,San Antonio,200.5,2.5,104.5,1.0,-125,105,182,-2,91,-5
157,2014-11-19,Orlando,LA Clippers,203.5,5.0,100.0,0.5,175,-205,204,-24,100,-16
158,2014-11-19,Philadelphia,Boston,208.5,6.0,106,4,210,-250,191,-11,99,-11
159,2014-11-19,Indiana,Charlotte,184.0,2.0,90.0,2.5,-135,115,174,2,82,8
160,2014-11-19,Detroit,Phoenix,205.5,2.0,101.5,1.5,125,-145,174,-2,87,-1
161,2014-11-19,Brooklyn,Milwaukee,196.0,6.5,99.5,1.0,-285,235,240,-4,100,-8
162,2014-11-19,Toronto,Memphis,195.0,3.0,98.5,5.0,-255,215,188,4,98,10
163,2014-11-19,Minnesota,New York,205.0,1.5,101.0,3.5,-115,-105,214,16,99,3
164,2014-11-19,Denver,Okla City,196.0,5.5,100,3,-330,270,207,7,104,2
165,2014-11-19,Houston,LA Lakers,210.0,13.0,105,5,-600,450,190,-6,90,-8
166,2014-11-20,Miami,LA Clippers,198.5,3.5,96.5,3.0,155,-180,203,-17,105,1
167,2014-11-20,Sacramento,Chicago,196.5,1.0,pk,97,-145,126,191,15,92,10
168,2014-11-21,Philadelphia,Phoenix,205.0,10.0,102.0,0.5,370,-470,218,-26,107,-3
169,2014-11-21,Charlotte,Orlando,187.5,4.5,95,2,-175,155,205,-5,114,-16
170,2014-11-21,Atlanta,Detroit,197.5,6.5,97.5,0.5,-250,210,188,10,98,0
171,2014-11-21,Toronto,Milwaukee,196.0,8.5,100.0,2.5,-430,340,207,41,91,15
172,2014-11-21,Washington,Cleveland,204.5,1.0,103.0,4.5,105,-125,169,13,72,0
173,2014-11-21,Memphis,Boston,199.0,7.5,102.5,1.0,-275,225,217,17,121,3
174,2014-11-21,Minnesota,San Antonio,199.0,8.0,106.5,3.0,580,-780,213,-29,106,-18
175,2014-11-21,Dallas,LA Lakers,217.0,10.5,106.5,3.5,-635,485,246,34,119,25
176,2014-11-21,Denver,New Orleans,211.0,1.5,110,4,125,-145,214,20,106,10
177,2014-11-21,Golden State,Utah,209.5,12.5,105.5,0.5,-915,665,189,13,103,-9
178,2014-11-21,Portland,Chicago,196.0,6.5,97.0,0.5,-385,305,192,18,88,0
179,2014-11-22,Orlando,Miami,192.0,1.0,pk,95.5,105,-125,191,-7,96,-4
180,2014-11-22,Indiana,Phoenix,196.0,1.5,98.5,0.5,115,-135,189,-23,86,-16
181,2014-11-22,Cleveland,Toronto,209.0,4.5,101.5,3.0,-150,130,203,-17,93,-15
182,2014-11-22,New York,Philadelphia,197.0,12.0,97.5,5.0,-900,600,174,8,89,1
183,2014-11-22,Minnesota,Sacramento,208.0,6.0,106.0,6.5,355,-450,214,-12,114,-16
184,2014-11-22,Houston,Dallas,201.5,3.0,103.0,5.5,155,-180,187,3,76,-6
185,2014-11-22,San Antonio,Brooklyn,195.0,9.5,97.0,1.5,-650,500,186,12,99,-3
186,2014-11-22,Milwaukee,Washington,195.5,1.5,95.5,3.5,135,-160,211,-11,112,-16
187,2014-11-22,Utah,New Orleans,204.0,3.0,101.0,3.5,120,-140,200,-12,103,5
188,2014-11-23,Boston,Portland,214.0,5.0,103.5,4.5,166,-195,182,-6,89,-11
189,2014-11-23,Miami,Charlotte,187.0,2.5,91.5,2.5,-120,100,187,1,90,-8
190,2014-11-23,Memphis,LA Clippers,198.0,3.0,98.5,3.5,-130,110,198,16,105,3
191,2014-11-23,Okla City,Golden State,194.0,8.0,98.0,2.5,305,-375,177,-5,78,0
192,2014-11-23,LA Lakers,Denver,218.5,2.0,108.0,0.5,110,-130,195,-7,92,2
193,2014-11-24,Cleveland,Orlando,201.5,10.0,97,2,-650,470,180,32,86,14
194,2014-11-24,Philadelphia,Portland,204.5,13.5,99.0,8.5,800,-1200,218,-10,116,-12
195,2014-11-24,Charlotte,LA Clippers,198.0,4.0,99.5,1.5,160,-190,205,-21,96,-18
196,2014-11-24,Toronto,Phoenix,208.0,6.0,104.0,1.5,-200,165,204,4,102,-2
197,2014-11-24,Houston,New York,195.0,9.0,94.5,2.5,-260,220,177,5,80,0
198,2014-11-24,Dallas,Indiana,197.0,12.5,102.5,12.0,-1800,1000,211,-11,106,-6
199,2014-11-24,Utah,Chicago,192.0,1.0,95.0,3.5,145,-165,192,-2,95,13
200,2014-11-25,Washington,Atlanta,200.5,4.5,101.0,3.5,-175,150,208,-4,128,-2
201,2014-11-25,Miami,Golden State,198.0,5.0,102,6,290,-350,211,-17,88,-18
202,2014-11-25,Milwaukee,Detroit,191.5,3.5,93.5,2.0,-169,144,184,12,87,11
203,2014-11-25,New Orleans,Sacramento,203.5,3.5,100.0,4.5,-250,210,188,-10,90,-10
204,2014-11-25,Denver,Chicago,201.5,2.0,pk,102.5,-195,166,223,5,118,-2
205,2014-11-26,Philadelphia,Brooklyn,199.0,8.5,99.5,2.0,265,-320,190,-8,100,0
206,2014-11-26,Cleveland,Washington,198.5,5.0,100.5,0.5,-355,290,200,26,96,14
207,2014-11-26,Orlando,Golden State,202.5,8.0,100.5,0.5,320,-395,207,-15,90,-2
208,2014-11-26,Charlotte,Portland,196.0,6.0,96.5,7.0,220,-265,202,-8,101,-19
209,2014-11-26,Detroit,LA Clippers,199.5,7.0,99.5,7.5,345,-425,202,-6,103,-9
210,2014-11-26,Atlanta,Toronto,204.5,2.0,102,2,140,-165,241,-11,116,-8
211,2014-11-26,Dallas,New York,198.0,13.0,100.0,7.5,-1600,900,211,7,102,-4
212,2014-11-26,Minnesota,Milwaukee,204.0,3.0,104.0,0.5,-105,-115,189,-17,91,-13
213,2014-11-26,Houston,Sacramento,194.5,4.5,97.5,1.0,-215,180,191,13,84,6
214,2014-11-26,Okla City,Utah,184.0,3.5,95.5,0.5,-190,161,179,15,75,7
215,2014-11-26,San Antonio,Indiana,189.0,12.5,98,11,-1400,900,206,6,101,11
216,2014-11-26,Phoenix,Denver,214.0,7.0,107,5,-315,260,232,8,104,8
217,2014-11-26,LA Lakers,Memphis,199.5,7.0,103.5,8.0,265,-325,192,-6,95,-11
218,2014-11-28,Boston,Chicago,204.0,3.5,102.5,4.0,150,-170,211,-7,97,-13
219,2014-11-28,Charlotte,Golden State,201.0,8.0,100.5,8.0,330,-410,207,-5,103,-11
220,2014-11-28,Atlanta,New Orleans,205.0,2.5,105,3,-140,120,191,9,122,-4
221,2014-11-28,Toronto,Dallas,209.0,3.5,104.5,4.0,-165,145,208,-4,117,1
222,2014-11-28,Detroit,Milwaukee,188.5,3.0,97.0,3.5,-135,115,192,-16,94,-8
223,2014-11-28,Indiana,Orlando,190.0,6.0,94.5,3.0,-210,180,181,15,89,13
224,2014-11-28,Houston,LA Clippers,195.5,3.0,99,1,160,-185,187,-17,87,-5
225,2014-11-28,Okla City,New York,187.0,8.0,93.5,2.5,-370,300,183,27,91,1
226,2014-11-28,San Antonio,Sacramento,194.5,8.0,99.0,2.5,-705,530,216,8,104,-2
227,2014-11-28,Denver,Phoenix,218.0,1.0,107,4,-130,110,219,25,106,6
228,2014-11-28,Portland,Memphis,193.0,4.0,100,4,-165,145,211,-13,116,-4
229,2014-11-28,LA Lakers,Minnesota,215.0,6.0,108.5,2.5,-230,195,239,-1,127,-5
230,2014-11-29,Washington,New Orleans,200.5,4.5,103,1,-170,150,163,3,87,-1
231,2014-11-29,Philadelphia,Dallas,206.0,13.0,101.5,5.5,720,-1050,213,-7,104,0
232,2014-11-29,Cleveland,Indiana,195.5,9.5,101,6,-530,410,206,12,105,9
233,2014-11-29,Atlanta,Charlotte,199.0,7.0,96.5,3.5,-300,245,180,30,88,-6
234,2014-11-29,Utah,LA Clippers,200.5,5.5,102.5,1.0,180,-220,208,-16,96,-4
235,2014-11-30,Boston,San Antonio,203.0,7.0,107.0,6.5,315,-375,200,-22,106,-26
236,2014-11-30,Brooklyn,Chicago,195.0,2.5,97.5,0.5,120,-140,186,-18,97,-13
237,2014-11-30,Detroit,Golden State,200.0,8.0,99.5,1.5,365,-445,197,-11,104,2
238,2014-11-30,New York,Miami,191.0,3.0,94.5,1.0,130,-150,165,-7,89,1
239,2014-11-30,Phoenix,Orlando,207.0,10.5,100.5,9.5,-500,395,183,-3,92,10
240,2014-11-30,Portland,Minnesota,210.0,14.0,107.5,5.5,-1500,950,200,14,112,6
241,2014-11-30,LA Lakers,Toronto,211.5,6.5,104,7,245,-300,251,7,111,-9
242,2014-12-01,Washington,Miami,189.5,5.5,95,2,-200,165,193,21,80,6
243,2014-12-01,Philadelphia,San Antonio,195.5,14.5,101.5,2.5,575,-850,212,-6,105,9
244,2014-12-01,Utah,Denver,209.0,1.0,102.5,3.5,155,-175,204,-2,99,17
245,2014-12-01,LA Clippers,Minnesota,214.5,14.0,109.5,4.5,-2500,1100,228,26,113,11
246,2014-12-02,Cleveland,Milwaukee,201.5,10.5,101.5,8.0,-725,525,219,3,113,5
247,2014-12-02,Atlanta,Boston,211.0,6.5,108.5,8.5,-290,240,214,4,98,20
248,2014-12-02,Detroit,LA Lakers,203.5,2.5,102.5,2.0,-125,105,202,-10,111,-9
249,2014-12-02,New Orleans,Okla City,197.0,2.0,100.5,7.0,135,-160,216,8,95,-9
250,2014-12-02,Chicago,Dallas,202.5,1.5,101,5,-120,100,261,-3,110,12
251,2014-12-02,Denver,Portland,213.5,2.0,105.0,3.5,140,-165,208,-2,102,-8
252,2014-12-02,Phoenix,Indiana,196.0,6.5,101,4,-210,180,215,17,105,19
253,2014-12-02,Golden State,Orlando,202.5,13.5,100.5,6.0,-2000,1000,195,1,93,-9
254,2014-12-03,Charlotte,Chicago,191.5,3.5,pk,94.5,145,-165,197,-7,112,-2
255,2014-12-03,Washington,LA Lakers,207.5,8.5,104.0,5.5,-450,360,206,16,100,14
256,2014-12-03,Boston,Detroit,203.0,4.0,101.0,3.5,-195,170,211,7,91,1
257,2014-12-03,Brooklyn,San Antonio,193.0,7.0,104.5,5.0,355,-445,188,2,94,2
258,2014-12-03,Miami,Atlanta,200.0,3.5,102,5,-195,170,214,-10,112,-2
259,2014-12-03,Milwaukee,Dallas,204.5,4.5,102.5,3.5,150,-170,212,-2,91,-9
260,2014-12-03,Houston,Memphis,188.5,5.0,97.0,6.5,175,-205,201,9,97,-3
261,2014-12-03,Minnesota,Philadelphia,209.5,6.5,101.5,4.0,-285,235,162,-8,96,-10
262,2014-12-03,Utah,Toronto,203.0,5.5,101.5,3.5,150,-170,227,-19,105,-3
263,2014-12-03,LA Clippers,Orlando,202.5,13.5,100.5,5.0,-2285,1435,200,28,99,15
264,2014-12-04,New York,Cleveland,198.0,7.5,99,7,300,-360,177,-3,74,-6
265,2014-12-04,Portland,Indiana,195.5,8.5,99,4,-425,345,170,6,99,1
266,2014-12-04,Golden State,New Orleans,206.0,7.5,107,1,-500,400,197,27,104,14
267,2014-12-05,Washington,Denver,205.5,5.5,102.5,3.0,-190,165,208,30,97,11
268,2014-12-05,Philadelphia,Okla City,198.5,13.0,98.0,4.5,980,-1380,194,-12,90,-2
269,2014-12-05,Charlotte,New York,189.0,3.5,96.0,1.5,-195,170,205,1,103,-11
270,2014-12-05,Brooklyn,Atlanta,201.0,1.0,102.0,5.5,100,-120,173,-23,90,-2
271,2014-12-05,Toronto,Cleveland,205.5,3.0,103.5,4.0,-190,165,196,-14,101,-7
272,2014-12-05,Boston,LA Lakers,217.0,4.0,pk,109,-155,135,209,17,108,12
273,2014-12-05,Memphis,San Antonio,192.0,1.5,100,4,-120,100,208,-6,104,6
274,2014-12-05,Minnesota,Houston,204.0,6.0,103.0,5.5,270,-330,226,-2,98,-2
275,2014-12-05,Dallas,Phoenix,216.0,5.5,107.0,6.5,-235,200,224,-12,98,0
276,2014-12-05,Milwaukee,Miami,196.0,1.5,96.5,1.5,105,-125,194,24,90,20
277,2014-12-05,Utah,Orlando,193.5,5.0,94.5,5.5,-210,180,191,-5,97,7
278,2014-12-05,Sacramento,Indiana,193.0,2.0,97.5,2.0,-150,130,203,1,91,-11
279,2014-12-06,Detroit,Philadelphia,193.0,8.5,98.5,7.5,-550,420,209,-7,95,3
280,2014-12-06,Houston,Phoenix,203.5,1.5,101,6,115,-135,195,5,94,-14
281,2014-12-06,Chicago,Golden State,200.5,1.0,101,3,110,-130,214,-10,104,2
282,2014-12-06,San Antonio,Minnesota,204.5,12.5,102,3,-1350,865,224,22,105,5
283,2014-12-06,Sacramento,Orlando,193.5,6.5,97,6,-245,205,201,-9,100,-6
284,2014-12-06,LA Clippers,New Orleans,207.0,8.5,107,6,-475,385,220,20,112,20
285,2014-12-07,Boston,Washington,208.0,4.0,102.0,6.5,155,-175,194,8,105,-9
286,2014-12-07,Atlanta,Denver,213.5,4.5,104,2,-250,210,180,12,87,-9
287,2014-12-07,Detroit,Okla City,193.0,9.0,97.0,9.5,420,-550,190,-2,87,-9
288,2014-12-07,Memphis,Miami,193.5,9.0,96.5,2.0,-385,320,190,16,87,9
289,2014-12-07,Dallas,Milwaukee,208.5,8.5,105,1,-470,380,227,23,122,10
290,2014-12-07,New York,Portland,194.0,7.0,98,3,235,-275,202,-4,99,-1
291,2014-12-07,LA Lakers,New Orleans,210.0,3.0,105.5,2.0,125,-145,191,-17,101,-7
292,2014-12-08,Washington,Boston,204.5,8.0,105,1,-445,355,265,1,117,-13
293,2014-12-08,Indiana,Atlanta,194.0,1.0,100.5,4.5,-115,-105,200,-16,97,1
294,2014-12-08,Brooklyn,Cleveland,198.0,7.0,98.5,5.0,335,-425,198,-22,99,-21
295,2014-12-08,Toronto,Denver,215.0,9.0,104.5,2.5,-555,430,219,5,90,-10
296,2014-12-08,Minnesota,Golden State,215.0,13.0,104.5,5.5,1310,-1860,188,-16,101,-7
297,2014-12-08,Sacramento,Utah,197.0,5.0,100.5,1.0,-220,185,193,9,89,3
298,2014-12-08,LA Clippers,Phoenix,216.0,7.5,107.0,3.5,-360,290,241,1,107,-3
299,2014-12-09,Cleveland,Toronto,206.0,5.5,102,6,-265,225,206,4,88,12
300,2014-12-09,Detroit,Portland,195.5,7.5,97.5,2.0,325,-400,184,-12,83,-3
301,2014-12-09,Memphis,Dallas,203.5,4.0,101,3,-150,130,219,9,101,15
302,2014-12-09,New Orleans,New York,196.5,7.5,97.0,3.5,-280,235,197,11,91,9
303,2014-12-09,Okla City,Milwaukee,198.0,8.5,100.5,3.0,-610,450,215,13,102,4
304,2014-12-09,Utah,San Antonio,195.0,7.0,101.0,6.5,420,-545,196,4,109,3
305,2014-12-09,Phoenix,Miami,201.5,5.5,99.5,1.0,-190,160,200,-6,103,-11
306,2014-12-09,LA Lakers,Sacramento,208.0,2.0,105,5,-165,145,193,3,92,12
307,2014-12-10,Indiana,LA Clippers,200.0,6.0,98.5,2.5,230,-280,199,-7,96,-2
308,2014-12-10,Orlando,Washington,194.5,5.0,97.0,3.5,190,-225,180,-2,91,-1
309,2014-12-10,Charlotte,Boston,203.0,2.0,104.5,3.5,-150,130,183,9,98,14
310,2014-12-10,Atlanta,Philadelphia,202.0,13.5,99.5,5.0,-1230,880,174,16,89,7
311,2014-12-10,San Antonio,New York,193.0,9.5,95.5,4.5,-565,440,204,14,96,10
312,2014-12-10,Chicago,Brooklyn,194.0,11.5,96,7,-705,530,185,25,83,25
313,2014-12-10,Minnesota,Portland,207.0,10.0,102.5,9.5,505,-655,172,8,92,0
314,2014-12-10,Dallas,New Orleans,210.0,7.0,107,6,-325,265,219,5,121,9
315,2014-12-10,Denver,Miami,204.0,4.0,100,4,-230,195,184,20,88,20
316,2014-12-10,Golden State,Houston,201.0,11.0,101.5,6.5,-500,375,198,12,106,12
317,2014-12-11,Okla City,Cleveland,201.0,2.5,99.5,6.5,-315,265,197,9,103,9
318,2014-12-12,Chicago,Portland,198.0,2.0,99.5,1.5,-130,110,221,9,111,1
319,2014-12-12,Washington,LA Clippers,205.0,2.5,102.5,6.0,115,-135,200,8,101,-7
320,2014-12-12,Boston,New York,201.0,7.0,101.5,4.0,-275,230,196,-6,99,-1
321,2014-12-12,Atlanta,Orlando,196.5,8.5,97,6,-475,380,168,6,88,6
322,2014-12-12,Toronto,Indiana,197.5,10.0,99.5,2.0,-450,355,200,12,105,1
323,2014-12-12,Brooklyn,Philadelphia,194.5,8.0,96.5,5.0,-295,245,158,18,69,19
324,2014-12-12,Memphis,Charlotte,193.0,11.0,94.0,6.5,-610,460,220,6,92,-2
325,2014-12-12,Minnesota,Okla City,206.5,8.5,102,1,330,-410,203,-19,84,2
326,2014-12-12,New Orleans,Cleveland,200.0,1.0,101.5,4.0,-125,105,233,5,110,0
327,2014-12-12,Utah,Miami,191.0,1.5,95,3,-125,105,195,-5,86,10
328,2014-12-12,Phoenix,Detroit,200.0,10.0,103.5,8.0,-525,405,208,-2,101,1
329,2014-12-12,San Antonio,LA Lakers,206.0,12.5,104.0,9.5,-1100,750,222,-2,98,4
330,2014-12-13,Dallas,Golden State,214.5,2.0,106.0,6.5,-120,100,203,-7,93,15
331,2014-12-13,Orlando,Atlanta,194.5,3.5,100,2,130,-150,199,1,104,2
332,2014-12-13,Indiana,Portland,191.5,4.5,95,3,175,-205,180,-10,84,10
333,2014-12-13,Charlotte,Brooklyn,190.5,2.5,94,5,-180,155,201,-27,107,-17
334,2014-12-13,Philadelphia,Memphis,196.0,11.5,97.5,10.0,465,-615,235,-5,125,-7
335,2014-12-13,Milwaukee,LA Clippers,207.5,5.0,103.5,6.0,200,-235,217,5,124,-4
336,2014-12-13,Houston,Denver,206.5,7.0,102,2,-310,250,204,12,102,6
337,2014-12-13,Sacramento,Detroit,194.0,7.0,97.5,2.5,-225,185,185,-5,96,-8
338,2014-12-14,Washington,Utah,195.0,10.0,99.5,9.5,-750,520,177,9,98,14
339,2014-12-14,Miami,Chicago,196.0,2.5,94,2,240,-290,168,-18,97,-11
340,2014-12-14,New Orleans,Golden State,207.0,5.0,100.5,0.5,235,-280,250,-6,111,9
341,2014-12-14,Minnesota,LA Lakers,214.0,3.0,105,1,145,-165,194,-6,101,-1
342,2014-12-14,Okla City,Phoenix,209.5,6.5,104,2,-320,260,200,24,82,2
343,2014-12-14,New York,Toronto,201.5,5.5,98.0,4.5,240,-290,185,-5,81,-1
344,2014-12-14,Denver,San Antonio,205.0,3.5,pk,104.5,165,-200,190,-8,111,3
345,2014-12-15,Cleveland,Charlotte,197.5,11.0,96.5,3.5,-705,505,185,9,86,0
346,2014-12-15,Philadelphia,Boston,204.5,4.5,104.5,2.5,185,-220,192,-18,97,1
347,2014-12-15,Indiana,LA Lakers,199.0,6.0,98.5,6.0,-215,180,201,19,114,-14
348,2014-12-15,Toronto,Orlando,198.0,9.0,99,6,-290,240,177,13,81,21
349,2014-12-15,Atlanta,Chicago,199.5,1.5,97.5,1.0,-135,115,179,7,85,1
350,2014-12-15,Phoenix,Milwaukee,211.5,5.0,94.0,0.5,-215,180,190,-2,93,-11
351,2014-12-15,Portland,San Antonio,193.0,6.0,101.5,3.5,-450,355,203,13,112,8
352,2014-12-15,LA Clippers,Detroit,203.0,13.0,102.5,4.5,-900,600,204,22,105,11
353,2014-12-16,Washington,Minnesota,201.0,13.0,100.5,4.0,-1100,750,204,14,122,4
354,2014-12-16,Brooklyn,Miami,187.5,6.0,94,6,-260,215,186,-4,86,6
355,2014-12-16,New York,Dallas,204.0,6.5,102.5,1.0,290,-350,194,-20,96,-10
356,2014-12-16,New Orleans,Utah,198.5,8.0,101.5,8.5,-575,435,230,8,121,11
357,2014-12-16,Memphis,Golden State,201.5,2.5,102.5,2.0,-160,135,203,7,97,-1
358,2014-12-16,Sacramento,Okla City,206.0,7.0,103.5,3.5,315,-390,196,-12,81,-5
359,2014-12-17,Cleveland,Atlanta,201.5,6.0,104,8,-300,250,225,-29,100,-24
360,2014-12-17,Charlotte,Phoenix,200.5,1.0,101.0,4.5,122,-142,217,-5,102,-12
361,2014-12-17,Miami,Utah,186.0,4.5,97.5,5.5,-160,135,192,-18,96,-4
362,2014-12-17,Detroit,Dallas,202.5,6.5,102,4,265,-325,223,-11,119,-9
363,2014-12-17,Boston,Orlando,199.5,5.0,101,1,-165,140,201,17,92,14
364,2014-12-17,Toronto,Brooklyn,197.5,11.0,99,8,-1000,700,194,16,89,15
365,2014-12-17,San Antonio,Memphis,193.0,1.5,97.0,4.5,-160,135,233,-1,87,7
366,2014-12-17,Portland,Milwaukee,202.5,9.5,99.5,7.0,-604,462,201,7,117,5
367,2014-12-17,LA Clippers,Indiana,201.0,11.5,103.5,7.0,-800,575,202,2,99,1
368,2014-12-18,Chicago,New York,192.5,11.0,93.5,6.0,-1000,700,200,6,103,-1
369,2014-12-18,Houston,New Orleans,201.5,4.5,103.5,4.5,-195,166,189,-9,104,-2
370,2014-12-18,Sacramento,Milwaukee,204.0,5.0,103.5,6.0,-350,290,215,-1,104,2
371,2014-12-18,Golden State,Okla City,209.0,3.5,106.5,3.0,-145,125,223,5,95,3
372,2014-12-19,Orlando,Utah,192.0,3.5,99.0,3.5,-175,155,195,-7,103,-1
373,2014-12-19,Philadelphia,Charlotte,193.5,5.0,94.5,3.0,160,-190,200,-18,88,2
374,2014-12-19,Boston,Minnesota,209.0,6.0,106.5,2.5,-250,210,212,16,111,11
375,2014-12-19,Detroit,Toronto,200.5,7.0,99,5,280,-340,210,-10,106,-10
376,2014-12-19,Cleveland,Brooklyn,197.5,11.0,97.5,4.5,-700,495,186,4,83,-1
377,2014-12-19,Miami,Washington,191.0,5.0,93,5,200,-240,208,-2,99,-3
378,2014-12-19,Memphis,Chicago,195.0,6.5,96.0,5.5,-265,225,200,-6,106,2
379,2014-12-19,San Antonio,Portland,193.5,4.0,99.5,2.5,-200,165,248,-10,104,-2
380,2014-12-19,Denver,LA Clippers,214.0,4.0,106.5,6.5,135,-155,215,3,113,-13
381,2014-12-19,LA Lakers,Okla City,210.0,7.0,102,3,200,-240,207,-1,105,1
382,2014-12-20,New York,Phoenix,199.5,6.5,98.5,5.0,225,-265,189,-9,98,-12
383,2014-12-20,New Orleans,Portland,202.0,5.0,102.5,7.5,-230,190,202,-26,96,-8
384,2014-12-20,Charlotte,Utah,193.0,4.0,99.5,2.5,-165,145,190,18,99,5
385,2014-12-20,Houston,Atlanta,196.0,5.0,101.5,5.5,-215,175,201,-7,109,5
386,2014-12-20,Dallas,San Antonio,204.0,10.0,107,10,-700,495,192,6,103,11
387,2014-12-20,Denver,Indiana,200.5,4.0,101.0,2.5,-155,135,149,3,84,4
388,2014-12-20,LA Clippers,Milwaukee,211.0,10.5,105.5,7.5,-630,460,208,4,106,6
389,2014-12-21,Toronto,New York,197.5,12.5,98.0,5.5,-1040,740,226,10,117,3
390,2014-12-21,Cleveland,Memphis,196.5,4.0,99.5,1.0,-200,175,196,14,103,3
391,2014-12-21,Brooklyn,Detroit,188.0,2.0,96.0,0.5,-130,110,215,5,111,3
392,2014-12-21,Miami,Boston,198.5,1.0,102.0,4.5,116,-136,184,16,90,6
393,2014-12-21,Orlando,Philadelphia,192.0,8.5,95.5,3.0,-445,355,184,-8,105,-13
394,2014-12-21,Washington,Phoenix,203.5,7.0,103.0,3.5,-245,205,196,-12,96,-12
395,2014-12-21,Sacramento,LA Lakers,208.0,7.5,104.0,6.5,-320,260,209,7,97,15
396,2014-12-21,Minnesota,Indiana,198.0,3.0,99.5,2.0,150,-170,196,-4,106,10
397,2014-12-21,Okla City,New Orleans,205.0,6.0,104,7,-330,270,200,-2,99,3
398,2014-12-22,Houston,Portland,198.5,2.5,98.0,3.5,-215,180,205,15,79,-5
399,2014-12-22,Memphis,Utah,195.0,8.5,99.0,5.5,-375,305,188,-6,101,-5
400,2014-12-22,Chicago,Toronto,200.0,3.5,100,4,-174,149,249,9,123,15
401,2014-12-22,Dallas,Atlanta,209.0,5.5,107.5,7.0,-195,166,207,-3,117,11
402,2014-12-22,Golden State,Sacramento,210.0,12.0,106.0,3.5,-850,600,236,20,122,6
403,2014-12-23,Orlando,Boston,198.0,2.5,101,5,-130,110,195,5,112,-18
404,2014-12-23,Washington,Chicago,195.5,3.5,99.5,2.5,-140,120,190,-8,104,-2
405,2014-12-23,Indiana,New Orleans,193.5,1.0,101.5,2.0,-101,-119,180,12,96,8
406,2014-12-23,Cleveland,Minnesota,207.5,15.0,106.0,6.5,-2500,900,229,21,109,13
407,2014-12-23,Brooklyn,Denver,199.0,1.5,99.5,1.0,-175,150,198,6,86,2
408,2014-12-23,Miami,Philadelphia,190.5,7.5,95.5,0.5,-350,290,178,-4,79,-19
409,2014-12-23,Atlanta,LA Clippers,205.5,2.5,104,3,-132,111,211,3,104,10
410,2014-12-23,Okla City,Portland,200.0,7.0,99.0,5.5,-195,166,226,-4,99,11
411,2014-12-23,Milwaukee,Charlotte,199.0,5.0,98,3,-251,206,209,-7,99,-9
412,2014-12-23,Phoenix,Dallas,214.0,2.0,108,2,-119,-101,239,9,141,1
413,2014-12-23,LA Lakers,Golden State,213.0,10.0,109.0,11.5,525,-700,220,10,109,-5
414,2014-12-25,New York,Washington,192.0,5.0,96.5,2.5,180,-215,193,-11,89,5
415,2014-12-25,San Antonio,Okla City,196.0,5.0,100,6,-270,225,220,-8,123,-5
416,2014-12-25,Miami,Cleveland,195.0,5.5,98.0,7.5,215,-260,192,10,81,-3
417,2014-12-25,Chicago,LA Lakers,208.0,11.0,102.5,4.0,-950,650,206,20,101,9
418,2014-12-25,LA Clippers,Golden State,215.0,2.5,109.5,2.0,-140,120,186,14,103,15
419,2014-12-26,Boston,Brooklyn,200.0,1.0,101,1,-130,110,216,-2,104,-2
420,2014-12-26,Orlando,Cleveland,197.5,5.0,96.5,5.0,150,-175,187,-9,85,-13
421,2014-12-26,Detroit,Indiana,188.5,3.0,100.5,3.0,135,-160,228,10,118,6
422,2014-12-26,Atlanta,Milwaukee,206.0,9.0,103.0,9.5,-475,380,184,-30,84,-14
423,2014-12-26,Memphis,Houston,193.0,2.0,97.5,1.5,-125,105,228,-6,101,-7
424,2014-12-26,New Orleans,San Antonio,201.0,2.0,pk,106,-140,120,187,7,95,3
425,2014-12-26,Okla City,Charlotte,194.0,7.0,97.5,1.0,-275,230,173,23,74,4
426,2014-12-26,Dallas,LA Lakers,218.0,12.5,107.0,6.5,-1100,750,200,4,110,-2
427,2014-12-26,Denver,Minnesota,212.0,10.5,108.0,4.5,-650,500,208,4,108,-2
428,2014-12-26,Portland,Philadelphia,197.0,14.5,101.0,4.5,-1100,750,207,21,95,11
429,2014-12-26,Sacramento,Phoenix,214.5,1.0,105,3,195,-230,221,-9,106,-6
430,2014-12-27,LA Clippers,Toronto,213.0,5.0,105.5,2.5,-195,165,208,-12,110,-12
431,2014-12-27,Charlotte,Orlando,190.5,5.5,95.0,5.5,-260,220,196,-8,102,2
432,2014-12-27,Washington,Boston,203.0,9.5,pk,105.5,-555,425,189,13,94,-4
433,2014-12-27,Miami,Memphis,190.5,2.0,95.0,2.5,140,-160,198,-8,100,8
434,2014-12-27,Chicago,New Orleans,203.0,9.5,104.5,5.0,-550,420,207,7,113,3
435,2014-12-27,Brooklyn,Indiana,191.5,1.0,99.5,2.0,-155,135,195,-25,98,-22
436,2014-12-27,Milwaukee,Atlanta,205.0,3.5,105.5,2.5,160,-190,175,-5,99,-3
437,2014-12-27,Utah,Philadelphia,195.0,10.0,97,2,-560,425,159,17,83,5
438,2014-12-27,Sacramento,New York,202.5,7.0,102.5,1.0,-250,210,264,6,109,-9
439,2014-12-27,Golden State,Minnesota,216.0,17.0,108,8,-7500,3250,207,13,101,3
440,2014-12-28,Cleveland,Detroit,202.5,9.0,102,6,-350,290,183,-23,86,-20
441,2014-12-28,San Antonio,Houston,196.0,1.0,103,1,-118,-102,216,4,105,3
442,2014-12-28,Dallas,Okla City,209.0,4.0,106.0,1.5,-135,115,219,5,97,-1
443,2014-12-28,Denver,Toronto,211.5,2.0,106.5,0.5,125,-145,218,-14,104,-8
444,2014-12-28,Portland,New York,198.0,11.0,101.0,2.5,-850,575,180,22,84,8
445,2014-12-28,LA Lakers,Phoenix,216.0,5.5,108,4,175,-210,223,-9,112,-10
446,2014-12-29,Indiana,Chicago,194.0,5.5,96,1,170,-200,182,-2,100,10
447,2014-12-29,Charlotte,Milwaukee,196.0,3.5,99.5,5.5,-150,130,198,-10,85,17
448,2014-12-29,Miami,Orlando,189.5,6.5,95,2,-225,190,203,-1,100,-4
449,2014-12-29,Brooklyn,Sacramento,205.0,2.0,100.5,4.5,-105,-115,206,8,105,-5
450,2014-12-29,Houston,Washington,195.5,4.5,100.5,3.0,-170,150,207,-1,116,0
451,2014-12-29,LA Clippers,Utah,204.5,11.0,103.5,6.0,-945,695,198,4,106,0
452,2014-12-30,Orlando,Detroit,194.5,2.0,99,1,110,-130,195,-23,94,-16
453,2014-12-30,Atlanta,Cleveland,200.5,1.5,100.0,0.5,-305,245,210,8,118,-2
454,2014-12-30,Memphis,San Antonio,194.0,1.5,103,4,-115,-105,182,8,92,-6
455,2014-12-30,Chicago,Brooklyn,196.0,12.0,98.5,10.0,-600,450,178,-14,78,-4
456,2014-12-30,New Orleans,Phoenix,211.0,1.0,pk,105,-125,105,216,4,108,2
457,2014-12-30,Dallas,Washington,208.5,4.5,103.0,2.5,-225,190,201,27,93,9
458,2014-12-30,Utah,Minnesota,203.5,8.0,101.5,4.5,-300,240,194,6,105,5
459,2014-12-30,Denver,LA Lakers,213.0,7.0,106.5,6.5,-225,190,214,-8,106,8
460,2014-12-30,Portland,Toronto,208.5,2.5,104,4,-160,140,199,5,91,7
461,2014-12-30,Golden State,Philadelphia,205.5,19.0,101.5,3.5,-2555,1645,212,40,117,13
462,2014-12-31,Boston,Sacramento,211.5,1.5,106.5,3.0,105,-125,190,22,102,12
463,2014-12-31,Indiana,Miami,188.5,4.0,93.5,4.5,-170,150,201,11,108,20
464,2014-12-31,LA Clippers,New York,204.5,12.5,102.0,4.5,-1005,705,177,21,87,11
465,2014-12-31,Cleveland,Milwaukee,201.5,6.5,100.5,0.5,-105,-115,176,-16,77,-11
466,2014-12-31,San Antonio,New Orleans,200.0,3.5,103.0,0.5,-215,185,188,2,102,-10
467,2014-12-31,Houston,Charlotte,198.5,12.0,99,7,-880,630,185,19,93,17
468,2014-12-31,Okla City,Phoenix,212.0,7.5,104.5,4.0,-355,285,271,3,130,-2
469,2015-01-01,Chicago,Denver,205.5,11.5,101.5,10.0,-675,485,207,5,112,16
470,2015-01-01,Minnesota,Sacramento,209.5,1.0,106.5,2.0,160,-185,217,-3,99,-1
471,2015-01-02,Charlotte,Cleveland,193.0,2.5,95.5,2.0,105,-125,178,-4,92,-10
472,2015-01-02,Orlando,Brooklyn,192.5,1.0,95.5,2.0,120,-140,198,-2,106,10
473,2015-01-02,New York,Detroit,195.5,2.0,97.0,2.5,170,-200,178,-16,83,3
474,2015-01-02,Boston,Dallas,215.5,5.5,107.0,0.5,210,-250,220,-18,115,-5
475,2015-01-02,Okla City,Washington,207.0,7.0,102.5,6.0,-320,270,211,7,99,9
476,2015-01-02,Milwaukee,Indiana,193.0,2.0,100.0,1.5,-125,105,185,-3,86,-10
477,2015-01-02,Phoenix,Philadelphia,211.5,14.5,104.0,9.5,-1660,1110,208,16,92,18
478,2015-01-02,Utah,Atlanta,196.0,5.0,100.5,0.5,165,-190,190,-6,88,6
479,2015-01-02,Golden State,Toronto,214.0,6.0,108,1,-200,170,231,21,104,16
480,2015-01-02,LA Lakers,Memphis,201.0,4.0,104.5,3.5,160,-185,215,-3,116,-8
481,2015-01-03,Orlando,Charlotte,188.5,3.0,93.5,7.5,-180,155,188,-8,107,15
482,2015-01-03,Minnesota,Utah,199.0,2.5,100.5,2.0,-120,100,190,-12,102,-6
483,2015-01-03,Houston,Miami,196.0,7.5,pk,97,-310,250,194,36,84,24
484,2015-01-03,Chicago,Boston,205.0,11.5,103,4,-565,440,213,5,112,-6
485,2015-01-03,San Antonio,Washington,196.5,4.0,98.5,4.0,-240,200,193,9,77,9
486,2015-01-03,Denver,Memphis,203.0,1.0,103.5,3.0,-125,105,199,29,112,18
487,2015-01-03,Portland,Atlanta,201.0,5.5,107.0,5.5,-245,205,222,-8,121,-5
488,2015-01-03,LA Clippers,Philadelphia,207.5,19.0,102.0,8.5,-4394,2731,218,36,103,27
489,2015-01-04,Cleveland,Dallas,205.0,5.5,101.5,1.5,280,-350,199,-19,95,-9
490,2015-01-04,Miami,Brooklyn,193.0,1.0,96.0,3.5,125,-145,172,4,83,-5
491,2015-01-04,Detroit,Sacramento,206.5,2.5,104,1,-160,140,209,19,108,10
492,2015-01-04,New York,Milwaukee,190.5,5.5,95,2,265,-325,177,-13,94,-6
493,2015-01-04,Phoenix,Toronto,217.5,1.5,106.0,4.5,-115,-105,234,16,111,-1
494,2015-01-04,LA Lakers,Indiana,201.5,1.5,103.5,2.5,-115,-105,175,1,86,8
495,2015-01-05,Philadelphia,Cleveland,193.0,5.0,94.5,1.0,175,-205,187,3,100,16
496,2015-01-05,Brooklyn,Dallas,206.0,6.5,103,8,265,-325,184,-8,72,-6
497,2015-01-05,Boston,Charlotte,197.0,5.5,99.0,6.5,-240,200,199,-9,113,5
498,2015-01-05,Minnesota,Denver,209.0,3.5,104.5,3.0,180,-215,211,-9,108,12
499,2015-01-05,Chicago,Houston,200.0,2.5,101,3,-160,135,219,9,95,9
500,2015-01-05,New Orleans,Washington,200.0,3.5,99,4,-160,135,177,-7,81,1
501,2015-01-05,Memphis,New York,191.0,13.5,94,6,-2000,1000,188,22,105,11
502,2015-01-05,Utah,Indiana,187.0,2.0,94.0,4.5,-125,105,206,-4,114,10
503,2015-01-05,Portland,LA Lakers,209.0,11.5,104.5,7.5,-1300,800,192,4,100,2
504,2015-01-05,LA Clippers,Atlanta,210.0,5.5,108,3,-240,200,205,-9,115,-11
505,2015-01-05,Golden State,Okla City,219.0,4.5,107,5,-150,130,208,26,98,6
506,2015-01-06,Milwaukee,Phoenix,209.0,3.0,105,4,170,-200,198,-6,111,-7
507,2015-01-06,San Antonio,Detroit,199.0,8.0,101.5,2.5,-380,315,209,-1,102,-10
508,2015-01-07,Cleveland,Houston,197.5,7.0,98,4,210,-260,198,-12,101,-11
509,2015-01-07,Charlotte,New Orleans,193.5,3.5,98.5,1.0,175,-205,192,4,103,11
510,2015-01-07,Philadelphia,Milwaukee,196.0,5.0,97.5,0.5,230,-280,174,-20,82,-6
511,2015-01-07,Washington,New York,188.0,14.0,94.5,4.5,-2500,-2500,192,10,98,-2
512,2015-01-07,Brooklyn,Boston,199.0,3.5,102.5,3.5,-205,175,170,-8,91,-7
513,2015-01-07,Atlanta,Memphis,198.0,4.0,101.5,0.5,-175,155,182,10,89,5
514,2015-01-07,Chicago,Utah,196.0,11.0,98.5,8.5,-675,525,174,-20,106,-16
515,2015-01-07,Dallas,Detroit,212.0,9.5,105.5,8.0,-535,410,203,-13,100,-8
516,2015-01-07,Denver,Orlando,200.5,8.0,102.0,4.5,-305,245,183,3,104,2
517,2015-01-07,Minnesota,Phoenix,214.5,8.0,109,7,330,-410,224,-2,131,-5
518,2015-01-07,Sacramento,Okla City,211.5,6.5,104.5,7.5,275,-345,187,21,91,11
519,2015-01-07,Golden State,Indiana,204.0,12.0,104,8,-795,595,219,15,119,15
520,2015-01-07,LA Clippers,LA Lakers,214.0,12.0,pk,106.5,-650,500,203,25,85,3
521,2015-01-08,Toronto,Charlotte,201.0,12.5,98.5,8.0,-1200,775,198,-8,96,-10
522,2015-01-08,New York,Houston,192.5,11.5,96.5,4.0,700,-1100,216,-24,118,-10
523,2015-01-08,Portland,Miami,198.5,10.0,97,8,-430,345,182,16,91,21
524,2015-01-09,Indiana,Boston,196.0,4.5,102.0,0.5,-245,205,210,4,105,-9
525,2015-01-09,Brooklyn,Philadelphia,192.0,10.0,95.5,6.0,-625,475,178,-2,87,-3
526,2015-01-09,Detroit,Atlanta,202.5,1.5,106.5,5.0,120,-140,209,-3,100,16
527,2015-01-09,Washington,Chicago,197.5,2.0,97.5,5.0,-115,-105,188,16,86,-2
528,2015-01-09,Okla City,Utah,199.5,12.0,102,10,-950,650,193,5,99,11
529,2015-01-09,New Orleans,Memphis,194.5,2.0,104,4,-115,-105,201,11,110,-2
530,2015-01-09,Milwaukee,Minnesota,204.0,8.0,102.5,1.5,-500,400,182,14,91,-1
531,2015-01-09,San Antonio,Phoenix,209.0,5.0,110.0,1.5,-235,195,195,5,103,-1
532,2015-01-09,Sacramento,Denver,211.5,3.5,104.5,1.0,-225,190,226,-10,112,-16
533,2015-01-09,Golden State,Cleveland,206.0,12.0,105.0,6.5,-1400,900,206,18,92,12
534,2015-01-09,LA Lakers,Orlando,202.5,4.0,102.0,1.5,-135,115,185,17,86,8
535,2015-01-10,New York,Charlotte,186.0,5.5,91.5,2.5,265,-320,192,-28,99,3
536,2015-01-10,LA Clippers,Dallas,215.0,3.5,106.0,0.5,-165,140,220,20,116,12
537,2015-01-10,Philadelphia,Indiana,187.0,5.5,98,3,250,-300,185,1,93,7
538,2015-01-10,Toronto,Boston,209.0,10.5,108,7,-900,600,205,13,115,9
539,2015-01-10,Detroit,Brooklyn,197.0,5.5,96.5,4.5,-240,200,191,5,97,5
540,2015-01-10,Chicago,Milwaukee,196.5,9.0,98,1,-265,220,182,8,95,-1
541,2015-01-10,Houston,Utah,195.5,11.0,101.5,4.0,-800,575,179,15,96,6
542,2015-01-10,Minnesota,San Antonio,202.0,10.0,104.5,2.0,460,-600,201,-15,100,0
543,2015-01-10,Portland,Orlando,194.5,12.0,100.0,7.5,-2000,1000,195,11,108,6
544,2015-01-11,Atlanta,Washington,197.5,4.5,96.0,0.5,-180,155,209,31,104,26
545,2015-01-11,LA Clippers,Miami,201.0,10.0,99,9,-600,445,194,-14,79,-5
546,2015-01-11,Memphis,Phoenix,205.0,4.5,109.0,1.5,-160,140,232,12,110,-10
547,2015-01-11,Sacramento,Cleveland,205.5,3.5,100.5,2.5,-150,130,187,19,84,4
548,2015-01-11,LA Lakers,Portland,205.5,5.5,104.0,2.5,210,-250,200,-12,105,-7
549,2015-01-12,Brooklyn,Houston,193.5,6.5,97.5,2.0,245,-295,212,-14,100,-6
550,2015-01-12,Boston,New Orleans,205.0,3.0,106.5,4.0,200,-240,208,8,110,8
551,2015-01-12,Toronto,Detroit,207.0,6.5,103.0,0.5,-240,200,225,-3,117,-15
552,2015-01-12,Chicago,Orlando,191.0,12.0,99,11,-800,575,235,-7,117,1
553,2015-01-13,Indiana,Minnesota,197.5,10.5,100,5,-700,525,211,-9,113,-15
554,2015-01-13,Philadelphia,Atlanta,196.5,11.0,99.0,2.5,460,-600,192,-18,106,-6
555,2015-01-13,Washington,San Antonio,193.5,2.0,102.5,1.0,-106,-114,194,8,95,5
556,2015-01-13,Phoenix,Cleveland,212.0,3.0,105.5,0.5,-190,161,207,7,97,-1
557,2015-01-13,Utah,Golden State,201.0,7.5,101.5,6.0,325,-400,221,-11,115,-11
558,2015-01-13,Sacramento,Dallas,213.0,5.5,107,6,185,-220,212,-4,75,-3
559,2015-01-13,LA Lakers,Miami,198.0,2.0,97.5,4.5,130,-150,153,-3,75,7
560,2015-01-14,Orlando,Houston,197.0,8.5,101.5,7.5,380,-480,233,7,126,4
561,2015-01-14,Charlotte,San Antonio,191.0,5.0,101.0,1.5,165,-190,191,-5,89,7
562,2015-01-14,Detroit,New Orleans,204.0,3.5,105,7,-185,160,199,-11,105,11
563,2015-01-14,Toronto,Philadelphia,202.0,16.0,99.5,9.5,-3700,2300,184,16,88,12
564,2015-01-14,Brooklyn,Memphis,192.5,6.0,98.5,2.5,235,-285,195,-11,99,-5
565,2015-01-14,Boston,Atlanta,205.0,6.0,104,1,190,-225,196,-14,94,-2
566,2015-01-14,Chicago,Washington,194.0,5.0,97.5,1.5,-250,210,204,-6,110,-12
567,2015-01-14,Denver,Dallas,214.5,2.0,pk,105.5,-205,175,221,7,112,-2
568,2015-01-14,Golden State,Miami,203.5,12.5,98.5,4.5,-1895,1245,193,15,100,-2
569,2015-01-14,Portland,LA Clippers,206.0,3.5,104.0,2.5,-165,145,194,-6,95,-5
570,2015-01-15,Milwaukee,New York,195.5,6.5,99.0,1.5,-345,295,174,16,81,-3
571,2015-01-15,Houston,Okla City,205.5,2.5,103.0,5.5,125,-145,213,11,96,0
572,2015-01-15,LA Lakers,Cleveland,203.0,6.0,103.5,6.5,220,-260,211,-7,93,-11
573,2015-01-16,Philadelphia,New Orleans,194.5,8.0,100,6,240,-300,177,15,80,12
574,2015-01-16,Washington,Brooklyn,192.0,9.5,95.5,7.0,-530,405,182,-22,99,-19
575,2015-01-16,Indiana,Detroit,194.0,1.5,pk,99.5,-120,100,194,-2,94,-4
576,2015-01-16,Orlando,Memphis,195.5,5.5,99,5,190,-225,202,-10,105,-11
577,2015-01-16,Toronto,Atlanta,207.5,2.5,106,3,110,-130,199,-21,109,-7
578,2015-01-16,Boston,Chicago,202.0,5.0,101.5,5.0,180,-210,222,-16,109,-19
579,2015-01-16,Okla City,Golden State,214.0,1.5,107.5,2.5,-105,-115,242,12,113,3
580,2015-01-16,Dallas,Denver,215.0,8.0,106.5,3.0,-405,325,186,8,95,1
581,2015-01-16,San Antonio,Portland,197.0,4.0,pk,100,-190,165,206,14,94,6
582,2015-01-16,Phoenix,Minnesota,217.0,14.5,107.5,7.5,-1485,985,209,11,94,8
583,2015-01-16,Utah,LA Lakers,197.0,7.0,98.5,5.0,-370,300,179,9,92,8
584,2015-01-16,Sacramento,Miami,196.0,3.5,94.0,3.5,-155,135,178,-12,82,-4
585,2015-01-16,LA Clippers,Cleveland,207.5,7.5,103.5,4.5,-385,305,247,-5,122,-8
586,2015-01-17,Charlotte,Indiana,187.5,2.0,94.0,0.5,115,-135,151,9,59,3
587,2015-01-17,Detroit,Philadelphia,195.5,13.5,96.0,2.5,-1250,800,196,18,103,-1
588,2015-01-17,Chicago,Atlanta,199.0,1.0,104,1,135,-155,206,-8,119,1
589,2015-01-17,Brooklyn,Washington,190.5,5.0,93.5,4.5,200,-240,189,-9,88,-10
590,2015-01-17,Houston,Golden State,212.0,1.5,106.5,2.0,-130,110,237,-25,114,-20
591,2015-01-17,Denver,Minnesota,211.5,11.5,106.5,6.0,-800,550,218,-8,103,-11
592,2015-01-17,Memphis,Portland,198.0,2.0,98.5,4.5,-145,125,200,4,98,-14
593,2015-01-17,Sacramento,LA Clippers,210.5,6.5,102.5,7.0,435,-570,225,-9,121,-9
594,2015-01-18,Toronto,New Orleans,203.0,7.0,107,10,-700,495,188,-2,102,12
595,2015-01-18,Orlando,Okla City,206.0,9.5,102.0,3.5,385,-475,226,-28,102,6
596,2015-01-18,San Antonio,Utah,196.0,11.0,100.0,2.5,-1000,695,158,20,88,4
597,2015-01-19,Charlotte,Minnesota,196.5,6.0,97.5,1.5,-250,210,185,25,102,8
598,2015-01-19,Washington,Philadelphia,192.5,14.5,95.5,2.0,-1700,1000,187,35,100,12
599,2015-01-19,Atlanta,Detroit,203.0,7.5,102.0,3.5,-330,270,175,11,90,8
600,2015-01-19,LA Clippers,Boston,212.5,11.5,109.0,4.5,-1000,700,195,9,111,-1
601,2015-01-19,Golden State,Denver,218.0,14.0,105.5,1.0,-1800,1000,201,43,118,16
602,2015-01-19,Memphis,Dallas,206.5,2.5,102.5,3.0,-145,125,198,-8,99,-1
603,2015-01-19,New York,New Orleans,193.5,7.0,99.0,5.5,155,-180,191,7,97,-5
604,2015-01-19,Houston,Indiana,197.0,9.5,102.0,2.5,-525,405,208,12,108,2
605,2015-01-19,Cleveland,Chicago,203.5,3.5,103.0,2.5,-190,161,202,14,109,-1
606,2015-01-19,Milwaukee,Toronto,200.5,2.5,100.5,2.5,-119,-101,181,-3,84,6
607,2015-01-19,Phoenix,LA Lakers,214.0,10.5,108,7,-575,435,215,15,113,15
608,2015-01-19,Portland,Sacramento,205.0,11.0,103.5,8.5,-503,402,192,4,85,9
609,2015-01-20,Miami,Okla City,200.0,6.5,98.5,6.5,265,-325,180,-8,81,-9
610,2015-01-20,Denver,San Antonio,205.0,6.0,106.5,5.0,345,-430,208,-10,109,-7
611,2015-01-21,Cleveland,Utah,196.0,10.0,101.0,1.5,-570,445,198,14,105,1
612,2015-01-21,Charlotte,Miami,186.0,5.5,90.5,2.0,-245,205,154,2,70,-4
613,2015-01-21,Detroit,Orlando,203.0,9.0,107.5,0.5,-390,310,246,10,133,-7
614,2015-01-21,Atlanta,Indiana,194.0,11.0,100.5,2.5,-655,505,201,19,108,8
615,2015-01-21,Memphis,Toronto,200.5,4.5,99,3,-250,210,178,6,99,3
616,2015-01-21,Minnesota,Dallas,211.0,8.0,pk,105,380,-505,173,-23,76,-2
617,2015-01-21,New Orleans,LA Lakers,202.0,8.5,100.5,5.0,-325,265,176,16,89,17
618,2015-01-21,Washington,Okla City,205.0,1.0,101.0,3.5,-108,-108,208,-2,96,-12
619,2015-01-21,Phoenix,Portland,211.0,6.5,104.0,0.5,-330,270,231,5,113,-9
620,2015-01-21,Sacramento,Brooklyn,198.0,4.5,97.5,6.5,-225,190,203,-3,95,13
621,2015-01-21,Golden State,Houston,218.5,7.5,107.5,1.5,-375,305,239,13,135,-7
622,2015-01-22,Milwaukee,Utah,188.0,6.0,98,8,-400,325,200,-2,100,4
623,2015-01-22,Chicago,San Antonio,199.0,3.5,103.5,5.0,190,-230,185,23,99,17
624,2015-01-22,Portland,Boston,201.5,7.5,106.5,5.5,-300,245,179,-1,93,1
625,2015-01-22,LA Clippers,Brooklyn,199.5,12.0,pk,99,-1300,800,207,39,100,6
626,2015-01-23,Philadelphia,Toronto,196.5,11.0,97,6,775,-1075,177,-5,88,2
627,2015-01-23,New York,Orlando,202.5,1.0,106.0,2.5,135,-155,219,7,118,6
628,2015-01-23,Miami,Indiana,183.0,4.0,94.0,3.5,-155,135,176,2,85,-15
629,2015-01-23,Atlanta,Okla City,207.0,3.5,102.5,2.0,-165,145,196,10,101,9
630,2015-01-23,Cleveland,Charlotte,193.5,8.5,96.0,3.5,-630,480,219,39,104,4
631,2015-01-23,Dallas,Chicago,206.5,7.5,100.5,5.0,-235,200,200,-4,95,-1
632,2015-01-23,Minnesota,New Orleans,203.0,6.0,103.0,4.5,220,-270,176,-8,87,-7
633,2015-01-23,San Antonio,LA Lakers,198.0,15.0,99,3,-2020,1270,184,14,90,-4
634,2015-01-23,Phoenix,Houston,220.0,3.5,109.5,4.0,-135,115,224,-2,112,6
635,2015-01-23,Denver,Boston,208.0,7.5,105.5,2.0,-275,225,199,-1,109,-7
636,2015-01-23,Golden State,Sacramento,218.0,15.0,108.0,8.5,-2255,1405,227,25,120,20
637,2015-01-24,Charlotte,New York,185.0,8.5,91.5,6.5,-450,360,147,5,74,6
638,2015-01-24,Milwaukee,Detroit,194.5,1.0,98.5,5.5,130,-150,187,15,75,1
639,2015-01-24,Memphis,Philadelphia,192.5,16.0,96.0,5.5,-3850,2200,184,18,83,-1
640,2015-01-24,Utah,Brooklyn,189.0,4.5,92.5,4.0,-185,160,181,35,86,14
641,2015-01-24,Portland,Washington,195.0,3.0,98.0,1.5,145,-165,199,7,99,17
642,2015-01-25,Chicago,Miami,187.0,7.5,93,8,-350,290,180,-12,94,-2
643,2015-01-25,Cleveland,Okla City,212.5,2.5,106.0,1.5,-165,140,206,10,100,2
644,2015-01-25,Orlando,Indiana,206.0,2.0,pk,104.5,105,-125,205,-7,105,-5
645,2015-01-25,New Orleans,Dallas,201.5,1.0,99.5,4.5,145,-170,215,3,98,-2
646,2015-01-25,Atlanta,Minnesota,200.5,16.5,101.0,6.5,-7000,1900,212,12,104,-2
647,2015-01-25,Toronto,Detroit,204.5,5.5,98.5,4.0,-375,305,224,4,113,-1
648,2015-01-25,San Antonio,Milwaukee,193.0,11.0,97.5,11.5,-800,575,196,6,94,14
649,2015-01-25,Denver,Washington,202.5,1.0,102.5,3.0,135,-160,232,-2,92,0
650,2015-01-25,Golden State,Boston,216.5,15.5,111.5,9.5,-7123,1910,225,3,120,-4
651,2015-01-25,LA Lakers,Houston,205.5,6.5,100,1,355,-450,186,-12,98,4
652,2015-01-26,Okla City,Minnesota,208.0,16.5,102.5,6.0,-4000,1400,176,8,88,0
653,2015-01-26,Memphis,Orlando,209.5,11.5,102.0,1.5,-1300,800,197,9,82,-10
654,2015-01-26,New Orleans,Philadelphia,190.0,13.5,94,6,-1600,900,173,25,78,16
655,2015-01-26,Utah,Boston,196.0,7.0,100.5,9.5,-360,295,189,-9,103,15
656,2015-01-26,LA Clippers,Denver,217.0,11.5,107.0,8.5,-1300,800,200,4,103,1
657,2015-01-27,Indiana,Toronto,193.0,2.0,pk,97.5,135,-155,195,-13,101,-7
658,2015-01-27,Detroit,Cleveland,205.0,5.0,102,3,335,-425,198,-8,112,0
659,2015-01-27,Miami,Milwaukee,182.5,5.0,93.0,1.5,-125,105,211,-7,107,-3
660,2015-01-27,Dallas,Memphis,202.0,5.0,100,6,-235,200,199,-19,101,-9
661,2015-01-27,LA Lakers,Washington,196.5,7.0,98,8,365,-465,190,-6,87,-17
662,2015-01-27,Golden State,Chicago,211.5,9.0,107.5,5.0,-715,540,224,-2,107,-5
663,2015-01-28,Philadelphia,Detroit,194.0,6.0,95.5,7.5,290,-350,158,20,73,9
664,2015-01-28,Cleveland,Portland,204.0,6.5,99.5,2.5,-140,120,193,5,95,-5
665,2015-01-28,Atlanta,Brooklyn,195.0,14.0,96,5,-1500,925,215,11,98,0
666,2015-01-28,Toronto,Sacramento,206.0,7.0,103.5,3.5,-230,190,221,17,113,17
667,2015-01-28,Minnesota,Boston,201.0,4.0,105.0,2.5,155,-175,208,12,111,13
668,2015-01-28,New Orleans,Denver,203.0,6.5,101.0,5.5,-230,190,178,-8,90,2
669,2015-01-28,Houston,Dallas,208.0,3.5,105,2,-175,155,193,5,86,4
670,2015-01-28,New York,Okla City,199.5,8.5,97,4,310,-370,192,8,104,10
671,2015-01-28,San Antonio,Charlotte,189.5,12.0,94.0,2.5,-1400,900,181,9,88,-8
672,2015-01-28,Utah,LA Clippers,200.0,7.0,99.0,5.5,260,-320,183,-5,84,-6
673,2015-01-28,Phoenix,Washington,211.0,5.5,103,2,-265,225,204,8,109,-9
674,2015-01-29,Orlando,Milwaukee,206.0,3.0,101.5,2.0,160,-180,215,-15,112,0
675,2015-01-29,Indiana,New York,182.0,9.0,94.5,3.0,-350,290,185,21,82,16
676,2015-01-29,Memphis,Denver,200.0,11.0,97.0,0.5,-550,425,168,30,83,15
677,2015-01-29,LA Lakers,Chicago,193.5,8.5,99,10,400,-500,241,5,89,-11
678,2015-01-30,Philadelphia,Minnesota,193.0,1.5,97,4,155,-180,197,9,77,7
679,2015-01-30,Atlanta,Portland,200.5,6.0,102.0,3.5,-235,195,204,6,103,7
680,2015-01-30,Brooklyn,Toronto,198.0,7.0,97.5,1.0,270,-330,249,-5,106,12
681,2015-01-30,Boston,Houston,206.0,5.0,103.5,1.5,260,-320,180,-6,78,12
682,2015-01-30,Cleveland,Sacramento,204.0,6.0,105.0,2.5,-650,470,191,11,92,0
683,2015-01-30,New Orleans,LA Clippers,201.0,6.5,99.0,5.5,330,-410,211,5,104,6
684,2015-01-30,Miami,Dallas,194.0,8.0,95,7,290,-350,165,-21,87,-33
685,2015-01-30,Utah,Golden State,203.5,8.5,103.0,9.5,420,-550,210,10,109,-1
686,2015-01-30,Phoenix,Chicago,210.5,5.0,pk,105,-280,235,192,6,95,-7
687,2015-01-31,Washington,Toronto,204.0,4.0,101.5,7.0,-220,190,236,-4,103,15
688,2015-01-31,Orlando,Dallas,212.0,8.5,102.5,2.5,260,-310,201,-15,94,10
689,2015-01-31,Indiana,Sacramento,198.0,6.5,101,7,-220,190,193,-5,79,9
690,2015-01-31,Detroit,Houston,203.5,4.5,100.5,4.5,150,-170,215,13,110,0
691,2015-01-31,Atlanta,Philadelphia,193.5,17.0,95.5,5.0,-3600,1800,176,6,93,-9
692,2015-01-31,Minnesota,Cleveland,206.0,9.0,101.5,6.0,575,-750,196,-16,95,-13
693,2015-01-31,Memphis,Okla City,194.5,7.0,98.5,0.5,-170,150,159,11,74,6
694,2015-01-31,Milwaukee,Portland,196.0,1.5,99.5,1.5,110,-130,183,7,96,4
695,2015-01-31,San Antonio,LA Clippers,198.5,4.5,103,7,-205,175,190,-20,92,-6
696,2015-01-31,Denver,Charlotte,192.0,6.5,97,9,-195,170,190,-18,98,14
697,2015-01-31,Golden State,Phoenix,227.0,10.0,111.5,7.0,-600,475,193,19,90,18
698,2015-02-01,Boston,Miami,187.0,3.0,92,5,-160,140,158,-8,83,5
699,2015-02-01,New York,LA Lakers,190.0,3.0,95.5,0.5,-150,130,172,12,86,4
700,2015-02-02,Cleveland,Philadelphia,193.0,16.0,96.5,6.0,-4000,1400,181,13,99,1
701,2015-02-02,Washington,Charlotte,187.5,7.5,93.5,6.5,-350,290,180,-4,76,-2
702,2015-02-02,Toronto,Milwaukee,202.0,7.0,100.5,6.0,-250,210,157,-7,69,-1
703,2015-02-02,Brooklyn,LA Clippers,199.5,9.0,101.0,6.5,325,-400,202,2,128,0
704,2015-02-02,New Orleans,Atlanta,197.5,4.5,101.5,6.0,130,-150,215,15,118,2
705,2015-02-02,Okla City,Orlando,210.0,13.5,102.5,2.5,-650,500,201,7,90,-4
706,2015-02-02,Dallas,Minnesota,207.0,13.0,105,4,-600,460,194,6,93,-1
707,2015-02-02,Phoenix,Memphis,204.0,1.0,pk,103,125,-145,203,-1,110,4
708,2015-02-03,Philadelphia,Denver,194.0,6.5,97.5,10.0,300,-360,203,7,102,-14
709,2015-02-03,New York,Boston,190.5,1.0,98.5,3.0,100,-120,205,-11,104,2
710,2015-02-03,Detroit,Miami,188.5,5.0,91.0,2.5,-175,155,199,17,107,3
711,2015-02-03,Portland,Utah,194.5,8.0,100.5,7.0,-400,330,205,1,114,4
712,2015-02-03,Sacramento,Golden State,216.0,8.0,106.0,0.5,430,-580,217,-25,112,-4
713,2015-02-04,Indiana,Detroit,190.0,4.0,96.5,3.5,-185,160,223,5,126,6
714,2015-02-04,Toronto,Brooklyn,200.5,8.5,100,4,-345,275,202,-16,102,-18
715,2015-02-04,Atlanta,Washington,197.5,6.5,96.5,1.0,-235,200,201,9,96,-4
716,2015-02-04,Boston,Denver,197.5,1.0,102,1,-165,145,204,4,92,-6
717,2015-02-04,Houston,Chicago,202.0,3.0,101.5,1.0,-155,135,191,11,86,2
718,2015-02-04,Minnesota,Miami,188.0,1.5,93.5,0.5,-130,110,203,1,99,-1
719,2015-02-04,Milwaukee,LA Lakers,190.0,8.0,96,8,-470,370,218,8,88,8
720,2015-02-04,New Orleans,Okla City,196.0,2.0,95.5,0.5,-170,150,193,-11,85,-17
721,2015-02-04,San Antonio,Orlando,205.5,12.5,100.5,6.0,-1480,1030,213,7,118,0
722,2015-02-04,Utah,Memphis,189.0,7.0,95.5,1.5,225,-275,190,-10,81,-3
723,2015-02-04,Golden State,Dallas,217.5,8.0,108.5,7.5,-395,315,242,14,122,18
724,2015-02-05,Charlotte,Washington,186.0,1.5,93.0,0.5,107,-127,181,7,78,12
725,2015-02-05,Cleveland,LA Clippers,206.0,4.0,101.5,4.0,-185,160,199,11,92,-12
726,2015-02-05,Sacramento,Dallas,209.0,3.5,101.5,3.0,130,-150,179,-23,76,-6
727,2015-02-05,Portland,Phoenix,210.0,4.5,104.5,1.0,-210,175,195,21,114,10
728,2015-02-06,Brooklyn,New York,191.0,7.0,97,1,-275,225,180,4,82,-4
729,2015-02-06,Indiana,Cleveland,196.5,5.5,96.5,1.0,205,-245,202,4,100,12
730,2015-02-06,Orlando,LA Lakers,202.0,3.5,99.5,6.0,-190,165,200,6,92,14
731,2015-02-06,Toronto,LA Clippers,212.0,2.0,pk,105.5,100,-120,230,16,114,18
732,2015-02-06,Atlanta,Golden State,213.0,1.0,106.5,1.5,110,-130,240,8,136,8
733,2015-02-06,Detroit,Denver,203.5,5.5,101.5,1.0,-285,235,186,10,88,-4
734,2015-02-06,Boston,Philadelphia,193.0,7.5,94.5,1.0,-400,320,203,11,101,-7
735,2015-02-06,Houston,Milwaukee,200.5,7.0,98.0,0.5,-215,185,228,6,104,-6
736,2015-02-06,Okla City,New Orleans,194.5,4.5,103.5,3.0,-270,220,229,-3,120,-6
737,2015-02-06,Minnesota,Memphis,195.5,7.5,99.5,6.0,315,-395,179,1,93,1
738,2015-02-06,Phoenix,Utah,204.5,6.5,104.5,0.5,-225,190,193,7,97,-5
739,2015-02-06,San Antonio,Miami,188.0,11.0,93.5,4.5,-1165,815,183,13,90,2
740,2015-02-07,Washington,Brooklyn,192.5,5.0,94.5,2.5,-270,230,191,37,95,17
741,2015-02-07,New York,Golden State,205.5,12.5,100.5,4.5,1500,-3000,198,-14,86,2
742,2015-02-07,Philadelphia,Charlotte,183.0,6.5,90.5,3.0,300,-360,170,8,80,14
743,2015-02-07,Dallas,Portland,206.5,3.0,103.0,2.5,-140,120,212,10,87,5
744,2015-02-07,Milwaukee,Boston,195.0,6.0,100.5,1.5,-275,235,189,3,90,-4
745,2015-02-07,Utah,Sacramento,196.0,5.5,pk,96.5,-235,195,192,12,104,2
746,2015-02-08,Okla City,LA Clippers,210.5,4.0,102.5,1.0,-350,280,239,23,117,13
747,2015-02-08,Cleveland,LA Lakers,198.5,13.0,99.0,3.5,-2020,1270,225,15,112,0
748,2015-02-08,Memphis,Atlanta,194.0,3.0,101,2,-150,130,182,6,97,7
749,2015-02-08,Charlotte,Indiana,184.0,3.0,95.0,5.5,115,-135,205,-1,110,-18
750,2015-02-08,Detroit,Minnesota,202.0,7.5,102.5,7.0,-355,285,213,-11,101,-1
751,2015-02-08,Orlando,Chicago,205.0,5.5,96.5,1.0,230,-280,195,-1,100,4
752,2015-02-08,Toronto,San Antonio,202.5,1.0,105.5,1.5,110,-130,169,5,78,6
753,2015-02-08,Houston,Portland,203.5,3.5,102.0,5.5,-190,165,207,-11,98,2
754,2015-02-08,Sacramento,Phoenix,211.5,5.5,102.5,8.0,295,-365,168,2,78,-4
755,2015-02-09,Washington,Orlando,197.0,11.0,96.5,3.5,-670,520,176,16,98,8
756,2015-02-09,Indiana,San Antonio,192.5,5.0,99,3,180,-210,188,-2,96,0
757,2015-02-09,Philadelphia,Golden State,204.5,16.0,101.5,9.0,1535,-2485,173,-5,83,-3
758,2015-02-09,Miami,New York,183.0,6.0,91.5,3.0,-190,165,204,14,96,18
759,2015-02-09,Minnesota,Atlanta,203.0,6.5,107.5,3.0,220,-270,222,-12,112,-8
760,2015-02-09,New Orleans,Utah,189.0,6.5,96.0,2.5,-140,120,196,-4,102,-14
761,2015-02-09,Milwaukee,Brooklyn,192.0,5.0,96.5,5.0,-205,175,200,6,101,11
762,2015-02-09,Dallas,LA Clippers,20.5,8.0,105.5,7.0,-405,325,213,-17,94,-4
763,2015-02-09,Denver,Okla City,208.5,6.5,pk,105.5,235,-285,238,-10,106,4
764,2015-02-10,Charlotte,Detroit,189.5,2.0,96,3,-130,110,184,-28,84,-20
765,2015-02-10,Memphis,Brooklyn,190.0,11.5,94.0,3.5,-1200,800,181,9,89,-3
766,2015-02-10,Chicago,Sacramento,196.0,10.5,97.5,4.0,-725,525,190,18,84,10
767,2015-02-11,Orlando,New York,188.5,5.0,94.5,5.0,-250,210,172,6,81,9
768,2015-02-11,Toronto,Washington,201.5,5.0,97.5,2.5,-195,170,188,2,92,0
769,2015-02-11,Detroit,San Antonio,197.0,6.0,101.5,1.0,235,-285,191,-17,104,-8
770,2015-02-11,Boston,Atlanta,202.5,6.5,105,1,255,-315,177,1,94,16
771,2015-02-11,Okla City,Memphis,199.5,4.0,102,3,-205,175,194,16,80,-2
772,2015-02-11,Milwaukee,Sacramento,195.5,7.5,99,3,-560,435,214,8,103,-1
773,2015-02-11,Cleveland,Miami,191.5,11.5,94.0,3.5,-1030,730,206,20,99,9
774,2015-02-11,New Orleans,Indiana,189.0,3.5,95.5,4.0,100,-120,199,-13,107,9
775,2015-02-11,Minnesota,Golden State,215.5,10.0,107.5,3.0,390,-515,185,-3,83,7
776,2015-02-11,Dallas,Utah,199.0,5.0,103.0,2.5,-205,175,169,5,93,3
777,2015-02-11,Portland,LA Lakers,197.5,13.0,99.0,5.5,-1615,1065,188,16,88,8
778,2015-02-11,LA Clippers,Houston,211.0,3.0,106.5,3.0,-155,135,205,15,95,17
779,2015-02-19,Okla City,Dallas,211.0,5.0,104.5,2.5,-210,180,193,15,105,-1
780,2015-02-19,LA Clippers,San Antonio,202.5,1.0,105.5,1.5,130,-150,234,4,127,7
781,2015-02-20,Orlando,New Orleans,195.5,4.0,100.0,2.5,200,-240,179,11,89,15
782,2015-02-20,Philadelphia,Indiana,185.0,6.0,pk,93,325,-405,201,-11,103,7
783,2015-02-20,Atlanta,Toronto,203.5,4.5,104,5,-230,190,185,-25,91,-21
784,2015-02-20,New York,Miami,181.5,6.0,92,1,260,-310,198,-24,92,-14
785,2015-02-20,Detroit,Chicago,198.0,5.0,97.5,1.0,220,-260,191,9,93,17
786,2015-02-20,Washington,Cleveland,197.5,3.0,98.5,2.5,135,-155,216,-38,100,-24
787,2015-02-20,Minnesota,Phoenix,211.5,1.0,104.5,2.0,-135,115,220,2,126,-8
788,2015-02-20,Milwaukee,Denver,198.5,7.0,97.5,6.0,-400,330,170,8,84,10
789,2015-02-20,Dallas,Houston,211.0,3.5,105,2,-140,120,211,11,114,0
790,2015-02-20,Utah,Portland,194.5,5.0,94.5,1.5,165,-190,168,16,86,20
791,2015-02-20,Sacramento,Boston,202.5,1.5,105.5,1.0,-180,155,210,8,103,3
792,2015-02-20,LA Lakers,Brooklyn,191.0,2.0,98.0,2.5,135,-155,219,-9,106,-10
793,2015-02-20,Golden State,San Antonio,207.0,6.5,111.0,2.5,-340,290,209,11,92,4
794,2015-02-21,Charlotte,Okla City,196.5,5.5,99.0,1.5,163,-181,213,-7,98,-4
795,2015-02-21,Miami,New Orleans,189.5,1.0,100.5,6.0,-130,118,196,-14,102,-4
796,2015-02-21,Chicago,Phoenix,203.0,8.0,105.5,7.0,-360,314,219,5,111,9
797,2015-02-21,Houston,Toronto,208.5,3.5,pk,103,-130,118,174,22,98,18
798,2015-02-21,LA Clippers,Sacramento,214.5,9.0,107.0,0.5,-543,456,225,27,112,8
799,2015-02-22,New York,Cleveland,198.0,15.0,97.5,3.0,1750,-3500,184,-18,84,6
800,2015-02-22,Milwaukee,Atlanta,197.0,3.5,99.5,1.0,175,-210,183,-11,100,2
801,2015-02-22,Detroit,Washington,194.5,1.0,pk,97,115,-135,195,17,96,22
802,2015-02-22,Orlando,Philadelphia,189.0,8.5,95.5,3.0,-450,360,201,5,99,-3
803,2015-02-22,Indiana,Golden State,204.5,6.5,103.0,3.5,160,-185,202,6,87,5
804,2015-02-22,Okla City,Denver,211.0,10.5,103.0,1.5,-400,325,213,25,104,0
805,2015-02-22,Dallas,Charlotte,196.0,10.5,96.5,2.5,-525,415,173,11,93,1
806,2015-02-22,Portland,Memphis,193.0,3.0,96.0,1.5,-125,105,190,-6,114,-6
807,2015-02-22,LA Lakers,Boston,199.5,1.5,105,2,135,-155,229,7,98,2
808,2015-02-23,Miami,Philadelphia,189.0,10.5,97,7,-800,575,227,11,106,10
809,2015-02-23,New Orleans,Toronto,195.5,7.5,96.5,1.0,270,-330,197,3,97,15
810,2015-02-23,Chicago,Milwaukee,195.0,7.5,96.0,0.5,-300,250,158,16,77,1
811,2015-02-23,Houston,Minnesota,210.0,9.0,106.5,5.5,-385,315,215,11,103,11
812,2015-02-23,Utah,San Antonio,188.5,4.5,97.0,6.5,200,-240,171,9,84,2
813,2015-02-23,Phoenix,Boston,211.5,7.0,108.5,9.5,-365,300,225,-5,108,12
814,2015-02-23,Denver,Brooklyn,201.0,1.5,102.0,1.5,115,-135,192,-28,93,-19
815,2015-02-23,LA Clippers,Memphis,203.0,4.0,100.5,0.5,-170,145,177,-3,95,-9
816,2015-02-24,Washington,Golden State,206.0,4.5,101.5,3.5,240,-290,221,-7,116,-4
817,2015-02-24,Detroit,Cleveland,203.5,7.0,102,7,240,-290,195,-9,80,-18
818,2015-02-24,Okla City,Indiana,201.0,7.0,105.0,2.5,-330,280,197,13,107,7
819,2015-02-24,Dallas,Toronto,206.5,3.0,102,5,-200,170,191,7,87,13
820,2015-02-25,Orlando,Miami,196.5,2.0,98.5,3.0,145,-165,183,-3,94,-4
821,2015-02-25,Boston,New York,195.5,11.0,99.5,7.0,-640,490,209,21,112,22
822,2015-02-25,Atlanta,Dallas,202.5,5.5,103.5,8.5,-425,335,191,17,91,23
823,2015-02-25,Minnesota,Washington,201.5,1.0,100,2,-140,120,174,20,90,20
824,2015-02-25,New Orleans,Brooklyn,192.5,1.0,96.5,2.0,125,-145,198,6,95,3
825,2015-02-25,Milwaukee,Philadelphia,189.0,11.5,93.5,1.0,-605,455,192,16,99,-13
826,2015-02-25,Houston,LA Clippers,214.5,3.5,108.5,1.5,-165,145,215,5,93,3
827,2015-02-25,Chicago,Charlotte,191.0,9.0,93.5,4.5,-305,245,184,-12,96,-12
828,2015-02-25,Denver,Phoenix,214.5,4.0,106,2,205,-245,206,-14,97,-7
829,2015-02-25,Utah,LA Lakers,191.0,8.5,95.5,3.5,-545,420,197,-3,101,-9
830,2015-02-25,Sacramento,Memphis,197.5,7.0,100.5,6.5,235,-285,192,12,78,2
831,2015-02-25,Portland,San Antonio,195.0,2.5,102.0,1.5,-140,120,206,16,105,15
832,2015-02-26,Cleveland,Golden State,215.5,3.5,107.0,0.5,-155,135,209,11,92,6
833,2015-02-26,Phoenix,Okla City,216.0,5.0,107.5,5.0,185,-215,230,4,117,-5
834,2015-02-27,Philadelphia,Washington,192.5,8.5,95.5,7.0,260,-320,170,8,81,3
835,2015-02-27,Indiana,Cleveland,199.5,5.0,96.0,0.5,-140,120,179,7,83,1
836,2015-02-27,Detroit,New York,196.5,13.0,95,3,-1270,770,236,-6,96,-12
837,2015-02-27,Atlanta,Orlando,198.0,12.5,99.0,8.5,-720,545,183,7,96,10
838,2015-02-27,Toronto,Golden State,215.0,1.0,105.0,4.5,110,-130,202,-24,117,-1
839,2015-02-27,Boston,Charlotte,195.0,2.5,98,2,-125,105,204,8,110,12
840,2015-02-27,Memphis,LA Clippers,199.0,4.5,98.5,3.0,-195,170,176,-18,94,-18
841,2015-02-27,Houston,Brooklyn,204.0,7.0,104,7,-355,285,200,4,90,8
842,2015-02-27,New Orleans,Miami,197.0,1.5,98.0,1.5,110,-130,206,2,98,2
843,2015-02-27,Chicago,Minnesota,197.5,6.5,98,1,-215,185,185,7,90,0
844,2015-02-27,Denver,Utah,198.5,2.0,99.0,2.5,170,-195,186,-22,102,-6
845,2015-02-27,Sacramento,San Antonio,199.5,3.5,104.5,5.5,395,-520,203,-11,108,-8
846,2015-02-27,LA Lakers,Milwaukee,194.5,4.0,97.5,4.0,220,-270,194,8,102,10
847,2015-02-27,Portland,Okla City,207.0,3.0,102,7,-260,210,227,3,121,15
848,2015-02-28,Washington,Detroit,194.0,3.5,96.5,2.0,-215,180,194,4,90,-12
849,2015-02-28,New York,Toronto,196.0,14.0,94.5,8.5,475,-625,201,5,104,2
850,2015-02-28,Miami,Atlanta,198.0,4.5,99.5,2.0,125,-145,184,-2,108,8
851,2015-02-28,Minnesota,Memphis,195.0,5.0,95.5,4.0,195,-235,198,-4,104,-2
852,2015-02-28,Dallas,Brooklyn,201.5,9.5,99,4,-360,295,198,-10,100,-14
853,2015-02-28,Utah,Milwaukee,187.5,2.5,pk,92,-175,150,157,7,70,0
854,2015-03-01,LA Lakers,Okla City,200.0,3.5,100.0,0.5,155,-175,209,-7,105,1
855,2015-03-01,Orlando,Charlotte,188.0,1.5,92.5,1.0,100,-120,181,-15,96,-14
856,2015-03-01,Boston,Golden State,214.0,7.5,108.5,9.5,315,-395,207,-5,93,-21
857,2015-03-01,Indiana,Philadelphia,188.0,12.5,96.0,2.5,-675,525,168,20,63,7
858,2015-03-01,Sacramento,Portland,203.0,9.0,102.0,0.5,310,-390,209,-11,95,3
859,2015-03-01,Houston,Cleveland,209.0,1.0,101.5,1.0,-115,-105,208,2,99,-3
860,2015-03-01,Denver,New Orleans,197.0,5.5,100.5,2.5,160,-185,191,-7,117,-7
861,2015-03-02,Philadelphia,Toronto,194.0,7.5,94.5,4.0,380,-475,217,-11,113,-5
862,2015-03-02,Miami,Phoenix,206.0,4.0,102.5,3.5,-132,112,213,17,103,3
863,2015-03-02,Brooklyn,Golden State,207.0,6.5,105,7,200,-240,218,2,110,-4
864,2015-03-02,Minnesota,LA Clippers,204.0,5.5,102.5,6.0,215,-255,215,-5,97,-7
865,2015-03-02,Dallas,New Orleans,197.0,7.0,103.5,7.0,-370,310,195,9,82,12
866,2015-03-03,Charlotte,LA Lakers,190.5,9.0,99,6,-430,340,207,1,107,1
867,2015-03-03,Cleveland,Boston,209.0,12.5,pk,106,-785,585,189,31,92,6
868,2015-03-03,Atlanta,Houston,200.0,5.0,100.0,8.5,-405,325,200,8,96,22
869,2015-03-03,Memphis,Utah,183.0,8.0,96.5,4.0,-330,270,175,-11,100,-12
870,2015-03-03,Chicago,Washington,187.5,2.5,93.5,2.5,105,-125,189,5,94,-2
871,2015-03-03,Denver,Milwaukee,193.0,5.0,100.0,5.5,195,-230,201,11,95,7
872,2015-03-04,Indiana,New York,191.0,13.0,94.0,1.5,-1650,950,187,23,81,-1
873,2015-03-04,Orlando,Phoenix,204.0,4.0,101.5,5.5,160,-185,205,-5,110,-14
874,2015-03-04,Boston,Utah,194.5,1.5,100.0,1.5,-125,105,169,1,102,0
875,2015-03-04,Toronto,Cleveland,203.0,4.5,100.5,1.5,170,-200,232,-8,132,6
876,2015-03-04,Brooklyn,Charlotte,192.0,5.0,97.0,6.5,-240,200,206,-24,106,-12
877,2015-03-04,Minnesota,Denver,206.5,6.0,103.5,7.5,-310,255,185,-15,82,2
878,2015-03-04,Houston,Memphis,197.0,2.5,98.5,0.5,-160,135,202,-2,89,-7
879,2015-03-04,Miami,LA Lakers,200.5,9.0,102,9,-500,400,194,6,97,11
880,2015-03-04,Okla City,Philadelphia,201.0,15.0,101,10,-2700,1100,241,5,105,3
881,2015-03-04,New Orleans,Detroit,195.0,2.0,96.5,5.5,-200,170,173,3,85,7
882,2015-03-04,San Antonio,Sacramento,203.0,10.5,102.5,2.0,-650,500,197,27,105,11
883,2015-03-04,LA Clippers,Portland,205.0,3.0,102,3,115,-135,191,-5,80,-2
884,2015-03-04,Golden State,Milwaukee,203.5,12.5,101.5,9.0,-1600,900,195,9,89,9
885,2015-03-05,Chicago,Okla City,200.5,4.0,pk,99.5,105,-125,213,3,115,5
886,2015-03-05,Portland,Dallas,200.0,3.0,98.0,0.5,-155,135,169,19,93,15
887,2015-03-06,Charlotte,Toronto,188.0,1.0,96,3,-125,105,197,9,102,-2
888,2015-03-06,Indiana,Chicago,187.5,5.0,92.5,3.0,-265,220,182,14,95,11
889,2015-03-06,Orlando,Sacramento,202.5,1.0,101,5,130,-150,233,5,108,-6
890,2015-03-06,Philadelphia,Utah,184.5,7.5,97.5,5.5,265,-325,172,-6,89,-7
891,2015-03-06,Brooklyn,Phoenix,208.5,3.0,106.5,2.0,-130,110,208,-8,88,4
892,2015-03-06,Atlanta,Cleveland,200.5,1.0,102.5,4.0,107,-127,203,9,107,-1
893,2015-03-06,Memphis,LA Lakers,195.0,13.0,99,9,-700,525,187,7,98,10
894,2015-03-06,Houston,Detroit,204.5,7.0,102,2,-350,290,196,10,96,2
895,2015-03-06,Washington,Miami,195.0,4.0,93.0,3.5,-245,205,196,2,90,-26
896,2015-03-06,New Orleans,Boston,199.0,6.5,102.5,4.5,-305,250,202,-6,108,-6
897,2015-03-06,San Antonio,Denver,205.0,12.5,103.0,5.5,-800,575,231,9,106,4
898,2015-03-06,Golden State,Dallas,211.0,9.0,105.0,3.5,-900,600,193,15,101,3
899,2015-03-07,New Orleans,Memphis,191.0,1.0,92.5,3.5,-125,105,184,6,96,18
900,2015-03-07,Miami,Sacramento,203.5,5.5,100.5,3.5,100,-120,223,5,84,14
901,2015-03-07,Philadelphia,Atlanta,192.0,11.0,101.5,2.0,280,-350,176,8,76,14
902,2015-03-07,New York,Indiana,189.5,8.5,96.0,8.5,355,-445,178,-6,97,-11
903,2015-03-07,Cleveland,Phoenix,213.0,10.5,103.5,2.0,-735,560,168,10,78,-6
904,2015-03-07,Minnesota,Portland,198.0,4.5,99,2,180,-210,234,8,128,12
905,2015-03-07,Milwaukee,Washington,190.0,3.0,92.5,2.0,-180,155,176,6,86,-6
906,2015-03-07,Denver,Houston,208.0,5.0,106.0,0.5,150,-170,214,-14,111,-7
907,2015-03-08,San Antonio,Chicago,193.5,9.0,97.0,0.5,-555,430,221,11,125,-7
908,2015-03-08,Golden State,LA Clippers,214.0,8.0,105.0,2.5,-410,330,204,8,97,1
909,2015-03-08,Brooklyn,Utah,187.5,2.0,97.5,1.0,-135,115,183,-7,98,-8
910,2015-03-08,Orlando,Boston,197.0,1.0,pk,103.5,120,-140,201,5,109,11
911,2015-03-08,Detroit,Charlotte,193.5,1.0,96.0,2.5,100,-120,209,-7,93,-15
912,2015-03-08,Okla City,Toronto,214.0,7.0,105.5,5.5,-270,220,212,4,93,7
913,2015-03-08,LA Lakers,Dallas,201.0,6.5,102,5,275,-345,193,-7,105,-7
914,2015-03-09,Charlotte,Washington,187.5,2.5,96.5,3.5,-130,110,164,-26,62,-16
915,2015-03-09,Miami,Boston,200.0,2.0,101.5,2.0,-140,120,190,-10,107,-7
916,2015-03-09,Atlanta,Sacramento,205.0,11.0,104.0,0.5,-745,580,235,25,105,3
917,2015-03-09,Chicago,Memphis,184.5,3.0,93.5,2.5,195,-230,192,-10,112,-8
918,2015-03-09,Milwaukee,New Orleans,187.0,2.0,97.5,2.5,105,-125,217,-11,107,-1
919,2015-03-09,Denver,New York,202.0,9.0,101.0,1.5,-575,450,184,28,89,13
920,2015-03-09,Phoenix,Golden State,216.5,5.0,104.5,5.0,195,-230,178,-18,86,-18
921,2015-03-09,LA Clippers,Minnesota,208.0,8.0,103.0,1.5,-350,280,165,13,78,4
922,2015-03-10,Indiana,Orlando,190.5,8.5,93.5,1.0,-400,320,204,32,98,20
923,2015-03-10,Brooklyn,New Orleans,191.0,2.0,101.0,3.5,-145,125,202,-20,101,-11
924,2015-03-10,San Antonio,Toronto,205.0,7.5,101.0,1.5,-295,245,224,10,122,-10
925,2015-03-10,Dallas,Cleveland,201.0,3.5,100.5,2.0,160,-185,221,-33,101,-19
926,2015-03-10,Utah,New York,184.5,13.0,88.5,5.0,-1210,860,169,5,91,-3
927,2015-03-10,LA Lakers,Detroit,198.5,2.5,101.0,2.5,145,-165,178,8,79,9
928,2015-03-11,Philadelphia,Chicago,186.0,6.5,95.5,4.5,230,-280,199,-9,82,0
929,2015-03-11,Charlotte,Sacramento,204.0,7.0,102.0,7.5,-390,310,219,-7,122,-2
930,2015-03-11,Boston,Memphis,193.5,5.0,95.0,4.5,225,-275,187,3,109,3
931,2015-03-11,Miami,Brooklyn,197.5,4.5,99.5,1.0,-180,155,202,6,89,-5
932,2015-03-11,Milwaukee,Orlando,193.5,7.0,95.0,6.5,-385,305,188,6,77,9
933,2015-03-11,Okla City,LA Clippers,212.0,6.0,105,6,-280,230,228,-12,106,-4
934,2015-03-11,Denver,Atlanta,208.5,7.5,107,9,245,-305,217,13,115,-5
935,2015-03-11,Phoenix,Minnesota,206.0,5.0,102,1,-210,180,203,9,109,3
936,2015-03-11,Portland,Houston,207.0,3.0,103.5,2.0,-140,120,205,5,98,4
937,2015-03-11,Golden State,Detroit,205.5,14.0,102.0,7.5,-1735,1035,203,7,96,2
938,2015-03-12,Indiana,Milwaukee,185.5,7.5,94.5,5.5,-305,245,212,6,88,2
939,2015-03-12,Washington,Memphis,185.0,1.5,94.5,1.0,-390,310,194,20,87,7
940,2015-03-12,Utah,Houston,188.5,1.0,94.5,3.5,110,-130,200,18,104,8
941,2015-03-12,LA Lakers,New York,191.5,8.0,98.5,7.0,-305,245,195,-7,81,-1
942,2015-03-13,Charlotte,Chicago,189.0,1.0,94.5,2.0,100,-120,192,10,80,18
943,2015-03-13,Philadelphia,Sacramento,202.5,4.0,102.5,1.5,170,-200,221,7,106,20
944,2015-03-13,Boston,Orlando,197.5,5.0,99,6,-220,185,183,7,93,17
945,2015-03-13,Toronto,Miami,206.0,5.5,101.0,0.5,-220,185,194,10,103,1
946,2015-03-13,Okla City,Minnesota,210.5,10.5,105.5,5.0,-605,455,212,14,108,8
947,2015-03-13,Dallas,LA Clippers,202.5,2.5,101.0,1.5,-125,105,228,30,118,22
948,2015-03-13,Denver,Golden State,216.0,8.0,103,1,-157,133,217,11,101,3
949,2015-03-13,Phoenix,Atlanta,203.5,5.0,104.0,5.5,220,-265,183,-9,85,-11
950,2015-03-13,Portland,Detroit,197.0,8.5,97.5,1.0,-375,305,217,19,107,1
951,2015-03-14,Indiana,Boston,193.0,7.5,100,8,-425,335,182,-4,100,4
952,2015-03-14,Washington,Sacramento,208.0,8.5,102.5,10.5,-600,450,210,16,100,34
953,2015-03-14,Philadelphia,Brooklyn,192.0,5.5,98,7,225,-275,181,-7,74,-12
954,2015-03-14,Memphis,Milwaukee,184.5,6.5,90.5,1.5,-290,240,179,13,88,6
955,2015-03-14,Utah,Detroit,185.0,7.5,92.0,2.5,-380,300,173,3,81,-3
956,2015-03-14,Golden State,New York,201.5,19.5,99.0,5.5,-3665,2115,219,31,94,10
957,2015-03-15,Okla City,Chicago,204.0,8.0,102.0,4.5,-300,250,209,9,115,9
958,2015-03-15,LA Clippers,Houston,211.0,4.0,105.5,5.0,-210,175,198,-2,90,6
959,2015-03-15,Orlando,Cleveland,203.5,10.5,99.0,2.5,475,-650,231,-15,110,-4
960,2015-03-15,New Orleans,Denver,205.0,7.0,105.0,6.5,-350,290,229,-7,105,3
961,2015-03-15,Toronto,Portland,204.5,1.0,101.5,4.0,-125,105,210,-16,93,-5
962,2015-03-15,San Antonio,Minnesota,205.5,13.5,103.0,5.5,-1400,925,220,26,110,16
963,2015-03-15,Phoenix,New York,196.0,12.5,98.0,8.5,-800,550,191,13,96,14
964,2015-03-15,LA Lakers,Atlanta,197.5,9.0,100,4,230,-270,177,-5,98,-2
965,2015-03-16,Indiana,Toronto,195.5,5.0,100.0,5.5,-220,185,215,-19,103,-15
966,2015-03-16,Washington,Portland,195.5,1.5,98.0,5.5,-115,-105,202,8,102,-12
967,2015-03-16,Boston,Philadelphia,192.5,9.5,97.5,1.0,-410,330,197,19,106,-4
968,2015-03-16,Minnesota,Brooklyn,199.5,2.0,98,1,175,-205,228,-16,106,-4
969,2015-03-16,Memphis,Denver,199.0,9.5,96.5,4.5,-1000,700,173,11,89,1
970,2015-03-16,Miami,Cleveland,204.5,6.5,101.0,8.5,200,-240,198,14,104,-4
971,2015-03-16,Dallas,Okla City,214.0,3.0,107.0,6.5,-260,215,234,4,118,14
972,2015-03-16,Utah,Charlotte,180.5,4.5,89,5,-180,155,160,28,69,-3
973,2015-03-16,Sacramento,Atlanta,212.0,4.5,106.5,0.5,152,-179,213,-7,112,0
974,2015-03-16,Golden State,LA Lakers,210.5,18.0,104.5,10.0,-7000,1900,213,3,101,-1
975,2015-03-17,New York,San Antonio,197.0,13.5,101.5,5.0,1195,-1745,204,4,98,10
976,2015-03-17,Detroit,Memphis,183.5,4.0,92.0,1.5,165,-190,200,10,107,25
977,2015-03-17,New Orleans,Milwaukee,191.5,7.0,94.5,5.5,-300,240,169,1,83,3
978,2015-03-17,Houston,Orlando,203.5,11.5,102.5,6.5,-705,530,201,13,100,12
979,2015-03-17,LA Clippers,Charlotte,199.5,9.5,98,1,-620,470,191,7,91,-11
980,2015-03-18,Cleveland,Brooklyn,204.5,11.5,101,3,-865,615,209,25,103,13
981,2015-03-18,Philadelphia,Detroit,193.0,2.5,96,3,-110,-110,177,11,89,1
982,2015-03-18,Toronto,Minnesota,208.5,11.5,104.0,7.5,-665,515,205,5,97,5
983,2015-03-18,Miami,Portland,200.5,2.0,100.0,1.5,120,-140,212,4,107,13
984,2015-03-18,Milwaukee,San Antonio,194.0,5.0,101.0,0.5,195,-230,217,-11,100,-2
985,2015-03-18,Chicago,Indiana,188.5,2.0,99.0,2.5,-120,100,189,17,97,7
986,2015-03-18,Dallas,Orlando,204.5,11.5,101.5,2.0,-1045,745,209,5,96,-12
987,2015-03-18,Okla City,Boston,210.0,9.0,109,6,-270,220,240,4,130,8
988,2015-03-18,Sacramento,LA Clippers,212.5,7.5,105,5,360,-450,221,-11,121,-9
989,2015-03-18,Golden State,Atlanta,210.0,6.0,pk,106.5,-285,235,209,19,103,7
990,2015-03-18,Utah,Washington,183.0,2.5,90,3,-155,135,172,-4,90,-2
991,2015-03-19,Houston,Denver,211.5,8.0,106,1,-315,255,226,10,112,-6
992,2015-03-19,Phoenix,New Orleans,198.5,1.5,101,1,-155,135,146,2,69,-7
993,2015-03-19,LA Lakers,Utah,183.0,4.0,95,5,160,-185,153,-7,84,-10
994,2015-03-20,Philadelphia,New York,189.0,4.0,92,1,-235,200,178,16,76,10
995,2015-03-20,Orlando,Portland,203.0,7.0,100.0,7.5,335,-425,215,7,101,5
996,2015-03-20,Miami,Denver,207.0,7.0,pk,102.5,-330,270,199,17,94,4
997,2015-03-20,Brooklyn,Milwaukee,191.0,3.0,97.5,3.5,-130,110,256,2,76,10
998,2015-03-20,Cleveland,Indiana,202.5,11.0,101.5,5.0,-555,430,187,3,101,-1
999,2015-03-20,Okla City,Atlanta,213.0,1.5,110.0,1.5,-115,-105,238,8,109,15
1000,2015-03-20,Chicago,Toronto,198.5,1.5,98.5,3.0,-115,-105,200,16,92,4
1001,2015-03-20,Dallas,Memphis,195.0,3.5,98.5,3.5,-150,130,213,-11,132,-4
1002,2015-03-20,San Antonio,Boston,208.5,10.0,107.5,0.5,-455,365,190,12,92,-2
1003,2015-03-20,Sacramento,Charlotte,206.0,2.0,101.5,6.0,175,-200,192,10,89,-1
1004,2015-03-20,Golden State,New Orleans,205.5,11.0,105.0,4.5,-1350,950,208,16,113,5
1005,2015-03-20,LA Clippers,Washington,203.5,6.0,pk,99.5,-305,245,212,14,92,2
1006,2015-03-21,Indiana,Brooklyn,194.5,6.0,97,8,-405,325,234,-12,115,-5
1007,2015-03-21,Detroit,Chicago,193.5,1.5,95.5,2.0,135,-155,198,16,98,28
1008,2015-03-21,Memphis,Portland,192.5,3.5,97.5,1.5,-150,130,183,11,86,2
1009,2015-03-21,Houston,Phoenix,206.0,8.0,103.0,5.5,-335,275,219,-15,96,-14
1010,2015-03-21,Golden State,Utah,196.5,8.5,99.5,2.5,-460,370,197,15,108,6
1011,2015-03-22,Okla City,Miami,212.0,4.5,104,1,-165,145,168,18,82,8
1012,2015-03-22,Atlanta,San Antonio,204.0,2.0,105,5,-125,105,209,-19,109,-1
1013,2015-03-22,Milwaukee,Cleveland,200.0,9.0,96.0,7.5,300,-370,198,-18,101,-27
1014,2015-03-22,LA Clippers,New Orleans,201.5,8.5,104,8,-550,425,207,7,104,10
1015,2015-03-22,Toronto,New York,197.5,13.0,96.0,2.5,-955,705,195,17,98,2
1016,2015-03-22,Sacramento,Washington,206.0,3.5,103.5,4.0,150,-170,195,23,88,16
1017,2015-03-22,Boston,Detroit,197.5,6.0,98.0,1.5,-230,195,202,-8,88,-6
1018,2015-03-22,Orlando,Denver,207.5,1.0,102.5,4.5,-110,-110,219,-19,99,-1
1019,2015-03-22,Minnesota,Charlotte,197.0,3.0,99,5,180,-210,207,-11,94,-16
1020,2015-03-22,Phoenix,Dallas,207.0,3.5,106.5,6.5,165,-190,190,6,91,-9
1021,2015-03-22,LA Lakers,Philadelphia,191.5,5.0,96,4,-195,170,188,14,100,20
1022,2015-03-23,Indiana,Houston,200.0,1.0,101,3,100,-120,210,-10,118,4
1023,2015-03-23,New York,Memphis,187.0,11.5,93.0,8.5,900,-1600,185,-21,87,-19
1024,2015-03-23,Brooklyn,Boston,203.0,3.5,104,6,-220,185,201,-19,98,-14
1025,2015-03-23,Chicago,Charlotte,192.0,5.5,95.5,5.0,-325,265,184,12,87,13
1026,2015-03-23,Utah,Minnesota,186.5,12.0,92,4,-600,460,210,-2,102,-6
1027,2015-03-23,Golden State,Washington,203.5,11.0,103.5,6.5,-850,600,183,31,82,28
1028,2015-03-24,Detroit,Toronto,201.0,2.5,102.5,5.0,155,-175,212,4,104,-8
1029,2015-03-24,Okla City,LA Lakers,210.5,10.5,105,1,-500,400,244,10,123,-5
1030,2015-03-24,Milwaukee,Miami,196.0,1.0,93.5,0.5,110,-130,177,1,77,3
1031,2015-03-24,Dallas,San Antonio,205.5,1.0,108.5,1.5,145,-165,195,7,106,10
1032,2015-03-24,Sacramento,Philadelphia,205.5,8.5,104.0,8.5,-425,345,213,1,80,8
1033,2015-03-24,Portland,Golden State,203.5,6.5,102.5,7.0,250,-300,230,-14,111,-19
1034,2015-03-25,Charlotte,Brooklyn,193.5,3.0,98,1,-160,140,179,-3,91,-7
1035,2015-03-25,New York,LA Clippers,198.0,14.0,97.5,1.0,1460,-2460,191,-31,95,-1
1036,2015-03-25,Washington,Indiana,193.0,3.0,97,1,-160,140,204,-2,118,-4
1037,2015-03-25,Orlando,Atlanta,202.5,7.5,103.0,8.5,335,-425,178,-12,79,-17
1038,2015-03-25,Toronto,Chicago,199.5,1.0,97,3,130,-150,219,-13,115,-17
1039,2015-03-25,Boston,Miami,199.5,3.0,98.0,8.5,-400,320,179,-7,82,10
1040,2015-03-25,Memphis,Cleveland,195.0,2.0,97.5,3.0,100,-120,200,-22,103,-9
1041,2015-03-25,New Orleans,Houston,203.0,2.0,101.0,0.5,-120,100,188,-2,87,-5
1042,2015-03-25,Minnesota,LA Lakers,198.0,1.5,99.5,1.5,-115,-105,200,-2,88,6
1043,2015-03-25,Utah,Portland,182.0,4.0,pk,89.5,-125,105,181,-3,105,-5
1044,2015-03-25,Denver,Philadelphia,205.5,11.0,103.0,8.5,-780,580,184,-14,89,-11
1045,2015-03-25,San Antonio,Okla City,214.0,7.0,107,2,-340,270,221,39,100,18
1046,2015-03-25,Phoenix,Sacramento,210.5,7.0,105.5,7.5,-385,305,207,-9,96,-4
1047,2015-03-26,Milwaukee,Indiana,187.5,1.0,96.0,1.5,-175,155,218,4,112,-8
1048,2015-03-27,Orlando,Detroit,197.0,2.0,98.5,1.5,120,-140,208,-14,101,-13
1049,2015-03-27,Philadelphia,LA Clippers,203.5,10.5,100.5,5.5,700,-1000,217,-21,101,-13
1050,2015-03-27,Washington,Charlotte,189.5,3.5,94.5,1.5,-215,180,217,3,79,-5
1051,2015-03-27,Toronto,LA Lakers,203.5,8.5,101,7,-400,325,177,11,83,13
1052,2015-03-27,Brooklyn,Cleveland,207.5,8.0,103.0,6.5,345,-425,204,8,91,7
1053,2015-03-27,Atlanta,Miami,193.0,9.0,97,1,-385,315,185,13,93,-5
1054,2015-03-27,New York,Boston,195.0,8.0,99,4,500,-650,188,-4,102,4
1055,2015-03-27,New Orleans,Sacramento,206.5,7.5,100.5,2.5,-270,225,190,14,102,10
1056,2015-03-27,Houston,Minnesota,205.5,12.0,101.0,5.5,-1800,1000,230,10,120,0
1057,2015-03-27,Memphis,Golden State,198.5,3.0,98.5,1.0,140,-165,191,-23,88,-18
1058,2015-03-27,San Antonio,Dallas,206.5,8.0,101.5,1.0,-425,345,170,18,75,5
1059,2015-03-27,Denver,Utah,188.5,3.5,99.5,3.0,-135,115,198,16,107,3
1060,2015-03-27,Phoenix,Portland,204.5,1.5,100.5,1.5,105,-125,168,-6,74,-6
1061,2015-03-28,Charlotte,Atlanta,192.0,2.5,98.5,2.5,-260,210,215,15,106,10
1062,2015-03-28,Chicago,New York,191.0,15.5,93,5,-4310,1810,191,31,103,11
1063,2015-03-28,Milwaukee,Golden State,201.0,7.0,pk,102.5,175,-205,203,-13,117,-3
1064,2015-03-28,Utah,Okla City,195.0,1.5,98.5,3.0,195,-230,183,5,87,7
1065,2015-03-28,Portland,Denver,210.0,8.0,103,4,-425,335,234,6,123,1
1066,2015-03-29,Washington,Houston,205.0,2.0,100,3,110,-130,190,-8,85,5
1067,2015-03-29,Brooklyn,LA Lakers,201.0,7.0,99,1,-365,295,206,8,95,-3
1068,2015-03-29,New Orleans,Minnesota,199.5,12.5,96.5,5.0,-1090,790,198,22,107,13
1069,2015-03-29,Cleveland,Philadelphia,202.0,17.0,97.5,7.5,-3305,1955,173,1,75,-7
1070,2015-03-29,Boston,LA Clippers,205.0,5.0,103.0,2.5,210,-250,225,-13,110,8
1071,2015-03-29,Miami,Detroit,192.5,3.0,pk,95.5,-145,125,211,7,118,2
1072,2015-03-29,San Antonio,Memphis,193.5,7.0,97.5,1.5,-380,300,192,14,99,5
1073,2015-03-29,Phoenix,Okla City,213.0,3.0,105.5,1.5,-130,110,206,-12,90,-20
1074,2015-03-30,Charlotte,Boston,192.0,3.5,100.0,4.5,-155,135,220,-12,120,0
1075,2015-03-30,Philadelphia,LA Lakers,192.5,2.5,96.0,4.5,-200,170,224,-2,103,1
1076,2015-03-30,Atlanta,Milwaukee,195.0,7.0,96,3,-450,360,189,13,104,6
1077,2015-03-30,Minnesota,Utah,185.0,3.5,98,2,315,-380,188,-20,98,-10
1078,2015-03-30,Memphis,Sacramento,196.5,9.0,97.5,2.5,-600,450,180,14,81,1
1079,2015-03-30,Portland,Phoenix,201.0,8.0,100.0,3.5,-425,340,195,23,91,17
1080,2015-03-31,Detroit,Atlanta,198.0,3.0,102.0,3.5,110,-130,200,10,98,8
1081,2015-03-31,Brooklyn,Indiana,199.0,3.5,102.5,2.0,100,-120,217,5,106,2
1082,2015-03-31,Miami,San Antonio,198.0,6.5,100.5,3.5,315,-385,176,-14,87,-9
1083,2015-03-31,LA Clippers,Golden State,214.0,1.0,109,1,-165,140,216,-4,117,-11
1084,2015-04-01,Charlotte,Detroit,195.0,4.5,96.0,0.5,-225,190,180,24,79,13
1085,2015-04-01,Washington,Philadelphia,193.0,12.0,92.0,0.5,-625,475,199,13,92,-10
1086,2015-04-01,Orlando,San Antonio,201.5,10.0,102.0,2.5,475,-625,194,-12,102,0
1087,2015-04-01,Boston,Indiana,196.5,3.5,103.5,1.5,-185,160,187,13,98,2
1088,2015-04-01,New York,Brooklyn,193.0,10.0,97,4,395,-520,198,-2,87,3
1089,2015-04-01,Milwaukee,Chicago,193.0,3.5,96,4,195,-230,186,4,90,4
1090,2015-04-01,Minnesota,Toronto,204.5,7.5,99.0,2.5,435,-560,212,-14,106,0
1091,2015-04-01,Okla City,Dallas,208.5,3.5,106,3,-150,130,266,-4,137,-1
1092,2015-04-01,Houston,Sacramento,208.0,11.5,104.0,5.5,-625,475,226,4,113,1
1093,2015-04-01,Utah,Denver,194.5,3.5,98.0,1.5,-230,195,182,14,86,2
1094,2015-04-01,Portland,LA Clippers,208.0,2.0,104.5,3.5,-155,135,248,-4,125,-17
1095,2015-04-01,LA Lakers,New Orleans,196.5,6.5,101.0,2.5,420,-545,205,-21,96,-10
1096,2015-04-02,Cleveland,Miami,200.0,12.0,95.5,2.5,-580,455,202,26,91,15
1097,2015-04-02,Dallas,Houston,208.0,1.5,104.5,1.5,-135,115,209,-7,107,-15
1098,2015-04-02,Golden State,Phoenix,209.0,12.0,103.5,4.0,-1060,760,213,1,114,-10
1099,2015-04-03,Washington,New York,190.0,15.5,93,6,-1980,1080,188,14,88,6
1100,2015-04-03,Indiana,Charlotte,193.5,5.0,94.5,1.0,-190,165,167,19,80,8
1101,2015-04-03,Brooklyn,Toronto,207.0,2.0,101.5,2.5,-130,110,223,5,120,10
1102,2015-04-03,Boston,Milwaukee,196.0,5.0,98.5,2.5,-200,175,211,-9,109,-11
1103,2015-04-03,Memphis,Okla City,203.0,6.0,101.5,1.5,-230,195,192,8,88,2
1104,2015-04-03,Minnesota,Orlando,201.0,3.0,102.5,0.5,160,-185,181,-13,87,-3
1105,2015-04-03,Chicago,Detroit,197.5,9.0,97.5,2.0,-530,405,170,6,88,-6
1106,2015-04-03,San Antonio,Denver,207.0,12.5,103,2,-1265,915,216,30,102,10
1107,2015-04-03,Sacramento,New Orleans,205.0,6.0,102.5,1.0,220,-270,196,-6,98,8
1108,2015-04-03,LA Lakers,Portland,199.0,9.0,99,3,475,-625,184,-30,93,-17
1109,2015-04-04,Charlotte,Philadelphia,191.0,9.5,93.5,5.0,-275,230,183,1,83,3
1110,2015-04-04,Detroit,Miami,194.0,1.0,94.0,1.5,175,-205,197,1,92,6
1111,2015-04-04,Toronto,Boston,207.5,4.0,107,2,-135,115,233,-1,114,0
1112,2015-04-04,Atlanta,Brooklyn,203.5,7.5,101,1,-600,460,230,32,116,14
1113,2015-04-04,Memphis,Washington,189.5,7.5,92.5,8.0,-375,305,175,-9,88,2
1114,2015-04-04,Milwaukee,Orlando,194.0,7.5,96.5,5.5,-450,355,187,-7,83,-9
1115,2015-04-04,Dallas,Golden State,211.5,3.5,pk,106.5,230,-275,233,-13,126,-2
1116,2015-04-04,Denver,LA Clippers,216.5,6.5,105.5,2.5,495,-670,199,-15,105,1
1117,2015-04-04,Phoenix,Utah,190.0,1.5,97.0,2.5,-120,100,172,2,88,-8
1118,2015-04-04,Portland,New Orleans,198.5,4.0,98.0,0.5,-215,180,189,9,89,-3
1119,2015-04-05,Okla City,Houston,217.0,1.0,109,2,-105,-115,227,-3,125,5
1120,2015-04-05,Cleveland,Chicago,200.5,8.0,96.5,2.0,-420,340,193,5,94,-4
1121,2015-04-05,Indiana,Miami,191.5,6.0,96,3,-265,220,201,23,103,19
1122,2015-04-05,San Antonio,Golden State,209.5,4.5,105.0,4.5,-190,161,199,15,104,-4
1123,2015-04-05,New York,Philadelphia,188.0,1.0,93.0,0.5,-115,-105,192,10,87,7
1124,2015-04-05,LA Lakers,LA Clippers,211.0,12.0,103,5,1000,-2000,184,-28,99,-15
1125,2015-04-06,Brooklyn,Portland,199.5,5.0,100,1,-265,220,202,10,110,-6
1126,2015-04-07,Miami,Charlotte,189.5,4.0,94.5,4.5,-280,230,205,5,95,5
1127,2015-04-07,Atlanta,Phoenix,204.0,8.5,99.5,0.5,-300,240,165,27,70,18
1128,2015-04-07,Okla City,San Antonio,217.0,4.5,109.5,2.5,200,-240,201,-25,97,-3
1129,2015-04-07,New Orleans,Golden State,206.0,4.0,101.5,1.5,165,-190,203,3,105,15
1130,2015-04-07,Sacramento,Minnesota,209.5,10.0,105.5,3.5,-410,330,227,5,124,0
1131,2015-04-07,LA Clippers,LA Lakers,205.5,17.5,102.0,6.5,-4160,1660,205,5,116,-6
1132,2015-04-08,Philadelphia,Washington,190.0,6.0,91.5,2.0,185,-225,209,-29,85,-13
1133,2015-04-08,Orlando,Chicago,195.5,8.5,96.0,2.5,285,-345,208,2,97,9
1134,2015-04-08,Charlotte,Toronto,198.0,2.5,97.5,3.0,135,-155,166,-18,88,-2
1135,2015-04-08,New York,Indiana,190.5,12.0,98.0,1.5,550,-800,188,-16,96,0
1136,2015-04-08,Brooklyn,Atlanta,203.0,5.5,106.5,4.5,-185,160,225,-3,104,6
1137,2015-04-08,Detroit,Boston,199.0,1.0,106.0,1.5,110,-130,216,-10,114,-2
1138,2015-04-08,Milwaukee,Cleveland,196.0,7.0,97,1,225,-265,203,-5,107,3
1139,2015-04-08,Memphis,New Orleans,185.5,4.5,96,3,-210,175,184,36,93,17
1140,2015-04-08,San Antonio,Houston,208.5,6.0,102,3,-270,230,208,12,98,8
1141,2015-04-08,Utah,Sacramento,195.0,11.0,93.5,10.0,-920,610,194,12,102,18
1142,2015-04-08,Denver,LA Lakers,205.5,11.5,102.5,4.5,-525,415,220,18,108,14
1143,2015-04-08,Dallas,Phoenix,204.5,8.0,103,8,-420,335,211,3,89,7
1144,2015-04-08,Portland,Minnesota,203.5,16.5,104.5,4.5,-4000,2000,207,25,116,6
1145,2015-04-09,Miami,Chicago,191.5,1.0,95.5,5.0,-130,110,167,-11,84,-30
1146,2015-04-09,Golden State,Portland,208.5,9.0,105.5,6.5,-630,465,221,11,110,8
1147,2015-04-10,Orlando,Toronto,203.5,6.0,100.5,5.0,180,-220,200,-2,100,-4
1148,2015-04-10,Detroit,Indiana,197.0,3.5,100.0,2.5,180,-220,210,-4,112,0
1149,2015-04-10,New York,Milwaukee,188.0,9.0,93.0,6.5,525,-750,190,-8,89,-5
1150,2015-04-10,Atlanta,Charlotte,193.5,10.0,94.5,7.0,-580,440,184,24,89,25
1151,2015-04-10,Cleveland,Boston,203.0,5.5,107.0,6.5,-245,205,189,-9,95,5
1152,2015-04-10,Brooklyn,Washington,200.5,3.5,94.5,2.0,-210,175,197,37,105,21
1153,2015-04-10,New Orleans,Phoenix,196.5,8.5,96.5,2.5,-450,360,165,15,77,9
1154,2015-04-10,Okla City,Sacramento,215.5,12.5,106.0,5.5,-1350,885,219,13,113,5
1155,2015-04-10,Houston,San Antonio,205.0,1.0,103.5,4.0,145,-165,207,-1,113,-3
1156,2015-04-10,Denver,Dallas,209.5,3.5,106,5,-122,102,287,-1,117,21
1157,2015-04-10,Utah,Memphis,180.5,2.5,90.5,2.5,130,-150,177,-1,79,-1
1158,2015-04-10,LA Lakers,Minnesota,204.5,5.5,101.0,1.5,-210,175,204,8,105,3
1159,2015-04-11,Orlando,New York,192.5,10.0,97.0,9.5,-725,525,159,-1,90,6
1160,2015-04-11,Miami,Toronto,197.0,3.0,99.5,2.5,-170,145,211,-3,95,-3
1161,2015-04-11,Chicago,Philadelphia,191.0,13.5,97.5,10.0,-4000,1400,221,7,116,8
1162,2015-04-11,LA Clippers,Memphis,196.5,7.0,100.5,6.5,-530,410,180,8,79,5
1163,2015-04-11,Portland,Utah,189.5,8.0,97.5,9.5,-560,430,216,-6,114,4
1164,2015-04-11,Golden State,Minnesota,214.0,19.0,107.5,10.5,-5000,1700,211,9,96,4
1165,2015-04-12,Milwaukee,Brooklyn,196.0,1.0,98.5,0.5,-120,100,169,23,85,21
1166,2015-04-12,Boston,Cleveland,203.0,2.0,pk,96.5,-590,440,195,39,109,15
1167,2015-04-12,Detroit,Charlotte,188.5,6.0,95.0,1.5,-375,305,193,39,100,14
1168,2015-04-12,Denver,Sacramento,217.5,8.5,107.0,5.5,-420,330,233,11,114,10
1169,2015-04-12,Washington,Atlanta,195.5,3.0,100.0,0.5,-510,385,207,9,96,-12
1170,2015-04-12,Indiana,Okla City,209.5,2.0,pk,104.5,-150,130,220,12,113,7
1171,2015-04-12,Houston,New Orleans,200.0,4.0,103.5,4.5,-215,185,235,7,128,10
1172,2015-04-12,San Antonio,Phoenix,203.5,14.5,98.5,7.0,-3675,2275,198,16,108,4
1173,2015-04-12,LA Lakers,Dallas,205.0,6.0,103.0,2.5,195,-230,226,-14,107,-9
1174,2015-04-13,Charlotte,Houston,198.0,8.5,100.0,7.5,595,-795,190,-10,86,-10
1175,2015-04-13,Philadelphia,Milwaukee,188.0,3.5,97,4,140,-160,204,-10,94,-16
1176,2015-04-13,Cleveland,Detroit,201.0,8.5,99,2,-385,305,206,12,107,-13
1177,2015-04-13,Atlanta,New York,196.0,14.0,97.5,11.5,-1665,1115,220,-4,109,9
1178,2015-04-13,Miami,Orlando,197.5,9.5,96.0,1.5,-235,200,193,7,97,-11
1179,2015-04-13,Minnesota,New Orleans,198.5,10.5,101,4,1065,-1615,188,-12,103,3
1180,2015-04-13,Okla City,Portland,211.0,6.0,106.5,2.5,-365,295,191,11,100,4
1181,2015-04-13,Utah,Dallas,189.0,10.5,96.0,4.5,-260,210,201,17,87,17
1182,2015-04-13,Sacramento,LA Lakers,206.0,4.0,103.0,2.5,-165,145,194,10,92,10
1183,2015-04-13,Golden State,Memphis,197.0,8.5,98.5,1.5,-380,300,218,4,104,-18
1184,2015-04-13,LA Clippers,Denver,215.5,15.5,106.0,12.5,-4900,2400,213,7,102,10
1185,2015-04-14,Boston,Toronto,206.5,4.0,103.5,2.5,-105,-115,188,2,89,9
1186,2015-04-14,Indiana,Washington,192.5,5.0,96,7,-360,295,194,4,88,8
1187,2015-04-14,Phoenix,LA Clippers,208.5,8.5,102,1,500,-650,213,-11,101,15
1188,2015-04-15,Toronto,Charlotte,195.5,11.5,95.5,2.0,-615,465,179,5,80,-6
1189,2015-04-15,Minnesota,Okla City,215.5,14.0,103,2,940,-1340,251,-25,121,-3
1190,2015-04-15,Chicago,Atlanta,194.5,3.0,100.5,5.5,-215,185,176,6,85,13
1191,2015-04-15,Dallas,Portland,206.0,6.0,104.5,1.5,-245,205,212,16,105,11
1192,2015-04-15,Houston,Utah,194.0,9.5,98,1,-790,590,208,26,108,-4
1193,2015-04-15,New Orleans,San Antonio,196.0,5.5,100.5,8.0,200,-235,211,5,101,-11
1194,2015-04-15,Cleveland,Washington,194.0,10.0,93.5,6.0,-355,285,221,5,93,3
1195,2015-04-15,Brooklyn,Orlando,203.0,9.0,101,8,-445,355,189,13,89,17
1196,2015-04-15,Milwaukee,Boston,198.0,4.0,101.5,5.0,-230,195,205,-5,111,-1
1197,2015-04-15,New York,Detroit,195.5,5.5,95.0,2.5,360,-460,202,-22,101,-13
1198,2015-04-15,Memphis,Indiana,185.0,4.5,95,5,110,-130,178,12,83,-1
1199,2015-04-15,Philadelphia,Miami,194.0,2.5,94.5,4.0,-130,110,206,-4,96,14
1200,2015-04-15,Golden State,Denver,220.0,11.5,107.5,6.0,-860,610,259,7,121,3
1201,2015-04-15,LA Lakers,Sacramento,205.0,3.5,105.0,4.5,-155,135,221,-23,101,-9
1202,2015-04-18,Toronto,Washington,192.0,4.0,97.0,4.5,-190,161,179,-7,76,4
1203,2015-04-18,Golden State,New Orleans,203.0,10.5,105.5,2.5,-1100,750,205,7,105,-11
1204,2015-04-18,Chicago,Milwaukee,187.0,8.5,95,2,-410,330,194,12,83,3
1205,2015-04-18,Houston,Dallas,209.0,5.5,107.0,2.5,-240,200,226,10,112,6
1206,2015-04-19,Cleveland,Boston,203.0,10.5,105.5,5.0,-1000,700,213,13,97,5
1207,2015-04-19,Atlanta,Brooklyn,201.5,10.0,101.5,4.0,-900,600,191,7,91,-3
1208,2015-04-19,Memphis,Portland,191.0,3.5,95.0,3.5,-220,185,186,14,89,-5
1209,2015-04-19,LA Clippers,San Antonio,204.0,1.0,107.5,2.0,-103,-115,199,15,107,9
1210,2015-04-20,Chicago,Milwaukee,187.5,7.5,95.0,5.5,-400,325,173,9,96,8
1211,2015-04-20,Golden State,New Orleans,205.0,11.5,107,9,-1500,900,184,10,77,7
1212,2015-04-21,Cleveland,Boston,207.0,11.0,105.5,8.0,-810,585,190,8,89,7
1213,2015-04-21,Toronto,Washington,190.5,5.0,97,6,-240,200,223,-11,114,0
1214,2015-04-21,Houston,Dallas,214.0,6.0,107.0,3.5,-280,230,210,12,106,10
1215,2015-04-22,Atlanta,Brooklyn,202.0,10.0,101,5,-500,400,187,5,90,2
1216,2015-04-22,Memphis,Portland,189.0,6.5,96,1,-250,210,179,15,90,4
1217,2015-04-22,LA Clippers,San Antonio,205.0,1.5,105.5,2.5,-130,110,218,-4,89,5
1218,2015-04-23,Boston,Cleveland,204.0,4.0,104,1,250,-300,198,-8,94,0
1219,2015-04-23,Milwaukee,Chicago,188.0,3.5,94,3,120,-140,219,-7,88,-4
1220,2015-04-23,New Orleans,Golden State,203.0,5.0,104.0,7.5,195,-230,242,-4,101,-11
1221,2015-04-24,Dallas,Houston,214.0,1.5,110,3,-119,-101,258,-2,121,-9
1222,2015-04-24,Washington,Toronto,195.0,3.5,97.5,1.0,-202,172,205,7,103,1
1223,2015-04-24,San Antonio,LA Clippers,205.0,4.0,101.5,0.5,-220,185,173,27,89,19
1224,2015-04-25,Brooklyn,Atlanta,200.5,2.5,100.5,4.5,135,-160,174,8,87,1
1225,2015-04-25,Milwaukee,Chicago,188.5,4.0,94.5,3.5,150,-175,182,2,82,2
1226,2015-04-25,New Orleans,Golden State,206.0,6.0,105.5,0.5,225,-270,207,-11,86,2
1227,2015-04-25,Portland,Memphis,188.5,3.0,96,6,-170,145,224,-6,113,7
1228,2015-04-26,Boston,Cleveland,203.5,7.0,99.5,3.0,250,-300,194,-8,101,13
1229,2015-04-26,San Antonio,LA Clippers,202.0,6.0,103.0,6.5,-264,219,219,-9,121,-5
1230,2015-04-26,Washington,Toronto,198.0,6.0,99.5,2.5,-270,225,219,31,103,15
1231,2015-04-26,Dallas,Houston,220.5,3.5,111,5,120,-140,230,12,116,4
1232,2015-04-27,Brooklyn,Atlanta,195.5,4.0,100.5,2.0,195,-230,235,5,112,6
1233,2015-04-27,Chicago,Milwaukee,188.0,8.5,95,7,-410,330,182,-6,81,-3
1234,2015-04-27,Portland,Memphis,193.0,2.0,98.0,0.5,-185,160,191,7,88,0
1235,2015-04-28,Houston,Dallas,222.0,6.5,110.5,3.0,-370,305,197,9,91,3
1236,2015-04-28,LA Clippers,San Antonio,205.5,2.0,104.5,1.5,-150,130,218,-4,111,-5
1237,2015-04-29,Atlanta,Brooklyn,200.0,8.0,99.0,2.5,-480,380,204,10,107,1
1238,2015-04-29,Memphis,Portland,191.5,4.5,94.5,1.5,-260,215,192,6,107,-1
1239,2015-04-30,Milwaukee,Chicago,187.5,3.0,93.5,5.5,160,-185,186,-54,88,-22
1240,2015-04-30,San Antonio,LA Clippers,205.5,5.5,105.5,4.0,-260,215,198,-6,96,-6
1241,2015-05-01,Brooklyn,Atlanta,200.0,4.5,99.5,1.0,180,-210,198,-24,102,-18
1242,2015-05-02,LA Clippers,San Antonio,204.5,2.5,104.5,0.5,-160,135,220,2,108,0
1243,2015-05-03,Golden State,Memphis,198.5,9.0,100.5,4.0,-720,520,187,15,74,6
1244,2015-05-03,Atlanta,Washington,197.0,5.5,100.5,0.5,-245,205,202,-6,86,-16
1245,2015-05-04,Cleveland,Chicago,194.0,5.0,98,4,-200,170,191,-7,98,-2
1246,2015-05-04,Houston,LA Clippers,212.0,4.5,105.5,4.5,-379,309,218,-16,122,-20
1247,2015-05-05,Atlanta,Washington,199.0,6.0,100.0,3.5,-500,400,196,16,97,9
1248,2015-05-05,Golden State,Memphis,194.5,10.0,101.5,11.0,-675,500,187,-7,98,4
1249,2015-05-06,Cleveland,Chicago,194.5,5.5,96.5,3.0,-245,205,197,15,88,-4
1250,2015-05-06,Houston,LA Clippers,213.5,6.0,108.5,8.0,-405,325,224,6,103,15
1251,2015-05-08,Chicago,Cleveland,195.0,1.5,97.5,2.5,-146,126,195,3,99,5
1252,2015-05-08,LA Clippers,Houston,217.0,2.5,109.5,1.5,-260,215,223,25,102,18
1253,2015-05-09,Washington,Atlanta,199.0,1.0,100,6,160,-185,204,2,105,-11
1254,2015-05-09,Memphis,Golden State,196.0,4.0,99.0,7.5,166,-195,188,10,94,-6
1255,2015-05-10,Chicago,Cleveland,194.5,1.0,96.5,1.0,135,-160,170,-2,76,2
1256,2015-05-10,LA Clippers,Houston,217.0,7.5,109,2,-295,245,223,33,109,27
1257,2015-05-11,Washington,Atlanta,198.5,3.0,101.5,1.0,161,-190,207,-5,87,5
1258,2015-05-11,Memphis,Golden State,196.0,5.0,98.5,3.0,155,-180,185,-17,80,0
1259,2015-05-12,Cleveland,Chicago,192.0,5.0,95.0,0.5,-256,211,207,5,109,-5
1260,2015-05-12,Houston,LA Clippers,219.0,1.5,109.5,7.0,130,-150,227,21,116,6
1261,2015-05-13,Atlanta,Washington,200.0,9.0,100.0,6.5,-325,265,163,1,75,7
1262,2015-05-13,Golden State,Memphis,195.0,10.0,100,4,-626,469,176,20,86,12
1263,2015-05-14,Chicago,Cleveland,192.5,1.5,95.5,6.5,-143,123,167,-21,65,-7
1264,2015-05-14,LA Clippers,Houston,219.0,7.5,111.5,5.5,-450,355,226,-12,100,-14
1265,2015-05-15,Washington,Atlanta,198.0,2.5,99.0,3.5,-146,126,185,-3,101,3
1266,2015-05-15,Memphis,Golden State,195.0,5.0,97.5,1.0,185,-220,203,-13,96,-4
1267,2015-05-17,Houston,LA Clippers,220.0,2.0,110.0,5.5,124,-144,213,13,111,3
1268,2015-05-19,Golden State,Houston,218.5,10.0,110,7,-700,525,216,4,103,1
1269,2015-05-20,Atlanta,Cleveland,197.5,1.0,99.5,1.5,-145,125,186,-8,84,-8
1270,2015-05-21,Golden State,Houston,220.0,10.0,110.0,6.5,-540,420,197,1,87,1
1271,2015-05-22,Atlanta,Cleveland,198.5,1.5,96,3,-170,145,176,-12,73,-7
1272,2015-05-23,Houston,Golden State,217.0,1.0,106.5,7.5,-130,110,195,-35,96,-10
1273,2015-05-24,Cleveland,Atlanta,190.0,8.5,95,8,-425,345,225,3,111,1
1274,2015-05-25,Houston,Golden State,214.0,4.5,106.5,4.0,160,-185,243,13,115,3
1275,2015-05-26,Cleveland,Atlanta,193.5,8.5,98.0,0.5,-355,290,206,30,105,13
1276,2015-05-27,Golden State,Houston,215.5,8.0,108.5,4.5,-530,410,194,14,96,8
1277,2015-06-04,Golden State,Cleveland,203.0,5.5,103.0,5.5,-250,210,208,8,97,3
1278,2015-06-07,Golden State,Cleveland,201.5,6.5,101,6,-345,285,188,-2,82,2
1279,2015-06-09,Cleveland,Golden State,196.0,1.0,96.5,3.5,110,-130,187,5,106,-2
1280,2015-06-11,Cleveland,Golden State,192.5,2.5,98.5,1.5,161,-190,185,-21,89,-9
1281,2015-06-14,Golden State,Cleveland,195.5,9.0,98.5,6.0,-465,370,195,13,94,12
1282,2015-06-16,Cleveland,Golden State,195.0,4.5,97.0,2.5,130,-150,202,-8,114,-6
